id,location_name,experience,safety_level
1,Peshwe Udyan Zoo,Scenic and tranquil,3
2,Shinde Chhatri,Very spiritual and peaceful,1
3,Rajiv Gandhi Zoological Park,Developing area,3
4,Empress Garden,Rich historical significance,3
5,Saras Baug,Amazing variety of animals,2
6,Hong Kong Lane,Very spiritual and peaceful,3
7,Tathawade Park,Beautiful garden with a serene atmosphere,3
8,Peshwe Udyan Zoo,Very spiritual and peaceful,3
9,Shaniwar Wada,Family-friendly,3
10,Mahatma Phule Mandai,Busy and bustling,1
11,Saras Baug,Busy and bustling,1
12,Bund Garden,Rich historical significance,3
13,Kasba Ganpati Temple,Well-connected,1
14,Tathawade Park,Scenic and tranquil,1
15,Empress Garden,Beautiful garden with a serene atmosphere,1
16,Lal Mahal,Developing area,5
17,Shinde Chhatri,Very spiritual and peaceful,4
18,Sambhaji Park,Great for shopping,2
19,Rajiv Gandhi Zoological Park,Very spiritual and peaceful,4
20,Osho Ashram,Rich historical significance,4
21,Shunyo Park,Rich historical significance,1
22,Peshwe Udyan Zoo,Beautiful garden with a serene atmosphere,4
23,Chaturshringi Temple,Family-friendly,2
24,Parvati Hill Temple,Family-friendly,3
25,Pataleshwar Cave Temple,Very spiritual and peaceful,2
26,Kamala Nehru Park,Busy and bustling,3
27,Shinde Chhatri,Developing area,2
28,Shinde Chhatri,Well-connected,4
29,Mulshi Lake and Dam,Great for shopping,1
30,Pataleshwar Cave Temple,Rich historical significance,5
31,Hong Kong Lane,Very spiritual and peaceful,3
32,Saras Baug,Beautiful garden with a serene atmosphere,2
33,Vishrambaug Wada,Developing area,2
34,Tulsi Baug,Beautiful garden with a serene atmosphere,4
35,Mulshi Lake and Dam,Great for shopping,1
36,Sambhaji Park,Well-connected,3
37,Osho Ashram,Scenic and tranquil,3
38,Empress Garden,Rich historical significance,3
39,Peshwa Udyan,Very spiritual and peaceful,4
40,Tulsi Baug,Beautiful garden with a serene atmosphere,1
41,Saras Baug,Family-friendly,2
42,Sinhagad Fort,Well-connected,3
43,Peshwa Udyan,Busy and bustling,2
44,Lal Mahal,Busy and bustling,3
45,Raja Dinkar Kelkar Museum,Very spiritual and peaceful,5
46,Chaturshringi Temple,Developing area,1
47,Pune Okayama Friendship Garden,Family-friendly,5
48,Kasba Ganpati Temple,Very spiritual and peaceful,5
49,Mahatma Phule Mandai,Family-friendly,3
50,Rajiv Gandhi Zoological Park,Very spiritual and peaceful,3
51,Osho Ashram,Beautiful garden with a serene atmosphere,4
52,Osho Ashram,Rich historical significance,2
53,Fashion Street,Amazing variety of animals,1
54,Osho Ashram,Beautiful garden with a serene atmosphere,1
55,Fashion Street,Well-connected,1
56,Kamala Nehru Park,Family-friendly,1
57,Hong Kong Lane,Rich historical significance,2
58,Bund Garden,Amazing variety of animals,1
59,Empress Garden,Beautiful garden with a serene atmosphere,5
60,Tathawade Park,Beautiful garden with a serene atmosphere,4
61,Saras Baug,Well-connected,5
62,Osho Ashram,Rich historical significance,1
63,Chaturshringi Temple,Family-friendly,2
64,Mulshi Lake and Dam,Amazing variety of animals,2
65,Kamala Nehru Park,Well-connected,5
66,Aga Khan Palace,Well-connected,2
67,Saras Baug,Very spiritual and peaceful,1
68,Fashion Street,Scenic and tranquil,1
69,Tathawade Park,Great for shopping,4
70,Shaniwar Wada,Rich historical significance,4
71,Empress Garden,Well-connected,1
72,Laxmi Road,Family-friendly,5
73,Osho Ashram,Great for shopping,3
74,Hong Kong Lane,Beautiful garden with a serene atmosphere,3
75,Pune Okayama Friendship Garden,Great for shopping,3
76,Mulshi Lake and Dam,Well-connected,3
77,Raja Dinkar Kelkar Museum,Rich historical significance,1
78,Vishrambaug Wada,Scenic and tranquil,1
79,Raja Dinkar Kelkar Museum,Family-friendly,4
80,Baner Pashan Biodiversity Park,Family-friendly,4
81,Rajiv Gandhi Zoological Park,Developing area,1
82,Laxmi Road,Well-connected,3
83,Saras Baug,Rich historical significance,5
84,Vishrambaug Wada,Rich historical significance,5
85,Mahatma Phule Mandai,Well-connected,5
86,Chaturshringi Temple,Great for shopping,3
87,Empress Garden,Well-connected,5
88,Rajiv Gandhi Zoological Park,Rich historical significance,4
89,Kamala Nehru Park,Busy and bustling,5
90,Fashion Street,Rich historical significance,5
91,Shaniwar Wada,Developing area,1
92,Laxmi Road,Scenic and tranquil,5
93,Lal Mahal,Great for shopping,1
94,Fashion Street,Scenic and tranquil,5
95,Sinhagad Fort,Family-friendly,3
96,Katraj Snake Park,Amazing variety of animals,3
97,Tathawade Park,Family-friendly,1
98,Sinhagad Fort,Busy and bustling,3
99,Vishrambaug Wada,Great for shopping,5
100,Saras Baug,Family-friendly,3
101,Aga Khan Palace,Well-connected,4
102,Lal Mahal,Beautiful garden with a serene atmosphere,2
103,Shinde Chhatri,Amazing variety of animals,1
104,Hong Kong Lane,Amazing variety of animals,1
105,Sambhaji Park,Well-connected,5
106,Katraj Snake Park,Great for shopping,5
107,Mahatma Phule Mandai,Great for shopping,3
108,Katraj Snake Park,Very spiritual and peaceful,4
109,Peshwe Udyan Zoo,Family-friendly,5
110,Katraj Snake Park,Amazing variety of animals,2
111,Katraj Snake Park,Busy and bustling,1
112,Pataleshwar Cave Temple,Developing area,3
113,Pune Okayama Friendship Garden,Rich historical significance,1
114,Saras Baug,Busy and bustling,1
115,Vishrambaug Wada,Great for shopping,2
116,Osho Ashram,Developing area,4
117,Katraj Snake Park,Well-connected,1
118,Baner Pashan Biodiversity Park,Rich historical significance,2
119,Laxmi Road,Beautiful garden with a serene atmosphere,5
120,Vishrambaug Wada,Rich historical significance,4
121,Tathawade Park,Busy and bustling,2
122,Fashion Street,Family-friendly,3
123,Sinhagad Fort,Family-friendly,3
124,Shaniwar Wada,Amazing variety of animals,4
125,Osho Ashram,Great for shopping,1
126,Chaturshringi Temple,Very spiritual and peaceful,2
127,Tulsi Baug,Great for shopping,5
128,Vishrambaug Wada,Beautiful garden with a serene atmosphere,3
129,Baner Pashan Biodiversity Park,Rich historical significance,5
130,Peshwa Udyan,Family-friendly,5
131,Laxmi Road,Rich historical significance,1
132,Laxmi Road,Great for shopping,2
133,Dagdusheth Halwai Ganpati Temple,Well-connected,1
134,Dagdusheth Halwai Ganpati Temple,Beautiful garden with a serene atmosphere,3
135,Bund Garden,Great for shopping,3
136,Parvati Hill Temple,Scenic and tranquil,4
137,Parvati Hill Temple,Great for shopping,5
138,Empress Garden,Rich historical significance,2
139,Shunyo Park,Very spiritual and peaceful,4
140,Tathawade Park,Amazing variety of animals,2
141,Katraj Snake Park,Great for shopping,2
142,Tulsi Baug,Beautiful garden with a serene atmosphere,3
143,Shinde Chhatri,Very spiritual and peaceful,3
144,Mulshi Lake and Dam,Great for shopping,3
145,Raja Dinkar Kelkar Museum,Very spiritual and peaceful,1
146,Shaniwar Wada,Beautiful garden with a serene atmosphere,1
147,Katraj Snake Park,Great for shopping,4
148,Tulsi Baug,Well-connected,4
149,Osho Ashram,Beautiful garden with a serene atmosphere,4
150,Mahatma Phule Mandai,Scenic and tranquil,5
151,Mahatma Phule Mandai,Family-friendly,3
152,Saras Baug,Rich historical significance,5
153,Pataleshwar Cave Temple,Beautiful garden with a serene atmosphere,1
154,Bund Garden,Very spiritual and peaceful,5
155,Vishrambaug Wada,Family-friendly,3
156,Osho Ashram,Busy and bustling,5
157,Shinde Chhatri,Rich historical significance,1
158,Shunyo Park,Developing area,1
159,Parvati Hill Temple,Family-friendly,1
160,Parvati Hill Temple,Very spiritual and peaceful,4
161,Peshwa Udyan,Scenic and tranquil,1
162,Kamala Nehru Park,Rich historical significance,5
163,Parvati Hill Temple,Developing area,4
164,Mahatma Phule Mandai,Beautiful garden with a serene atmosphere,3
165,Sambhaji Park,Amazing variety of animals,3
166,Peshwa Udyan,Scenic and tranquil,1
167,Vishrambaug Wada,Developing area,4
168,Baner Pashan Biodiversity Park,Beautiful garden with a serene atmosphere,1
169,Sinhagad Fort,Amazing variety of animals,4
170,Peshwa Udyan,Busy and bustling,4
171,Pataleshwar Cave Temple,Well-connected,4
172,Rajiv Gandhi Zoological Park,Developing area,4
173,Pataleshwar Cave Temple,Great for shopping,2
174,Mahatma Phule Mandai,Great for shopping,1
175,Peshwe Udyan Zoo,Beautiful garden with a serene atmosphere,1
176,Laxmi Road,Busy and bustling,2
177,Tathawade Park,Rich historical significance,2
178,Baner Pashan Biodiversity Park,Beautiful garden with a serene atmosphere,4
179,Mulshi Lake and Dam,Developing area,3
180,Empress Garden,Busy and bustling,4
181,Dagdusheth Halwai Ganpati Temple,Great for shopping,2
182,Katraj Snake Park,Scenic and tranquil,1
183,Peshwa Udyan,Rich historical significance,5
184,Shunyo Park,Busy and bustling,1
185,Raja Dinkar Kelkar Museum,Great for shopping,3
186,Chaturshringi Temple,Beautiful garden with a serene atmosphere,1
187,Baner Pashan Biodiversity Park,Rich historical significance,5
188,Hong Kong Lane,Well-connected,1
189,Mulshi Lake and Dam,Great for shopping,2
190,Sambhaji Park,Rich historical significance,1
191,Empress Garden,Amazing variety of animals,3
192,Mahatma Phule Mandai,Family-friendly,5
193,Aga Khan Palace,Amazing variety of animals,4
194,Shinde Chhatri,Developing area,3
195,Parvati Hill Temple,Well-connected,5
196,Mulshi Lake and Dam,Scenic and tranquil,1
197,Shinde Chhatri,Rich historical significance,3
198,Sambhaji Park,Scenic and tranquil,5
199,Sinhagad Fort,Developing area,3
200,Sambhaji Park,Great for shopping,2
201,Tathawade Park,Great for shopping,3
202,Fashion Street,Very spiritual and peaceful,4
203,Tathawade Park,Busy and bustling,4
204,Tathawade Park,Beautiful garden with a serene atmosphere,4
205,Peshwa Udyan,Beautiful garden with a serene atmosphere,5
206,Empress Garden,Very spiritual and peaceful,4
207,Bund Garden,Scenic and tranquil,5
208,Rajiv Gandhi Zoological Park,Very spiritual and peaceful,3
209,Osho Ashram,Rich historical significance,3
210,Shunyo Park,Rich historical significance,3
211,Peshwa Udyan,Busy and bustling,1
212,Raja Dinkar Kelkar Museum,Scenic and tranquil,3
213,Kamala Nehru Park,Great for shopping,2
214,Peshwe Udyan Zoo,Well-connected,4
215,Pataleshwar Cave Temple,Well-connected,3
216,Chaturshringi Temple,Amazing variety of animals,2
217,Rajiv Gandhi Zoological Park,Very spiritual and peaceful,5
218,Rajiv Gandhi Zoological Park,Scenic and tranquil,1
219,Tathawade Park,Amazing variety of animals,3
220,Saras Baug,Busy and bustling,5
221,Shaniwar Wada,Family-friendly,3
222,Tulsi Baug,Family-friendly,3
223,Mulshi Lake and Dam,Very spiritual and peaceful,2
224,Shunyo Park,Amazing variety of animals,2
225,Shunyo Park,Family-friendly,2
226,Tulsi Baug,Great for shopping,3
227,Peshwe Udyan Zoo,Well-connected,3
228,Mulshi Lake and Dam,Beautiful garden with a serene atmosphere,4
229,Parvati Hill Temple,Busy and bustling,1
230,Shinde Chhatri,Great for shopping,4
231,Dagdusheth Halwai Ganpati Temple,Great for shopping,5
232,Raja Dinkar Kelkar Museum,Developing area,1
233,Pune Okayama Friendship Garden,Great for shopping,4
234,Katraj Snake Park,Great for shopping,4
235,Tulsi Baug,Very spiritual and peaceful,3
236,Chaturshringi Temple,Busy and bustling,5
237,Sinhagad Fort,Rich historical significance,2
238,Raja Dinkar Kelkar Museum,Beautiful garden with a serene atmosphere,4
239,Rajiv Gandhi Zoological Park,Well-connected,2
240,Kamala Nehru Park,Busy and bustling,1
241,Shaniwar Wada,Beautiful garden with a serene atmosphere,1
242,Kamala Nehru Park,Scenic and tranquil,1
243,Mulshi Lake and Dam,Busy and bustling,2
244,Bund Garden,Very spiritual and peaceful,3
245,Fashion Street,Very spiritual and peaceful,5
246,Kamala Nehru Park,Well-connected,4
247,Raja Dinkar Kelkar Museum,Developing area,5
248,Dagdusheth Halwai Ganpati Temple,Very spiritual and peaceful,5
249,Mulshi Lake and Dam,Amazing variety of animals,2
250,Saras Baug,Busy and bustling,4
251,Raja Dinkar Kelkar Museum,Amazing variety of animals,1
252,Bund Garden,Developing area,1
253,Sambhaji Park,Scenic and tranquil,1
254,Pataleshwar Cave Temple,Very spiritual and peaceful,1
255,Pune Okayama Friendship Garden,Family-friendly,4
256,Hong Kong Lane,Family-friendly,1
257,Aga Khan Palace,Amazing variety of animals,1
258,Lal Mahal,Amazing variety of animals,3
259,Aga Khan Palace,Busy and bustling,3
260,Aga Khan Palace,Beautiful garden with a serene atmosphere,1
261,Aga Khan Palace,Family-friendly,5
262,Bund Garden,Family-friendly,2
263,Kasba Ganpati Temple,Family-friendly,3
264,Sambhaji Park,Busy and bustling,4
265,Fashion Street,Rich historical significance,1
266,Peshwa Udyan,Developing area,4
267,Osho Ashram,Beautiful garden with a serene atmosphere,2
268,Mulshi Lake and Dam,Busy and bustling,4
269,Shunyo Park,Beautiful garden with a serene atmosphere,3
270,Lal Mahal,Busy and bustling,3
271,Bund Garden,Family-friendly,5
272,Saras Baug,Very spiritual and peaceful,1
273,Shinde Chhatri,Busy and bustling,5
274,Baner Pashan Biodiversity Park,Great for shopping,3
275,Baner Pashan Biodiversity Park,Busy and bustling,4
276,Hong Kong Lane,Scenic and tranquil,2
277,Laxmi Road,Amazing variety of animals,2
278,Aga Khan Palace,Well-connected,3
279,Fashion Street,Great for shopping,2
280,Tulsi Baug,Very spiritual and peaceful,1
281,Raja Dinkar Kelkar Museum,Very spiritual and peaceful,2
282,Baner Pashan Biodiversity Park,Great for shopping,5
283,Kasba Ganpati Temple,Very spiritual and peaceful,5
284,Mulshi Lake and Dam,Busy and bustling,5
285,Tulsi Baug,Amazing variety of animals,2
286,Peshwa Udyan,Well-connected,4
287,Mahatma Phule Mandai,Developing area,3
288,Rajiv Gandhi Zoological Park,Very spiritual and peaceful,3
289,Vishrambaug Wada,Scenic and tranquil,4
290,Shinde Chhatri,Beautiful garden with a serene atmosphere,4
291,Vishrambaug Wada,Family-friendly,5
292,Fashion Street,Developing area,5
293,Sinhagad Fort,Scenic and tranquil,5
294,Katraj Snake Park,Beautiful garden with a serene atmosphere,5
295,Pataleshwar Cave Temple,Scenic and tranquil,4
296,Peshwa Udyan,Amazing variety of animals,2
297,Rajiv Gandhi Zoological Park,Rich historical significance,5
298,Sinhagad Fort,Great for shopping,4
299,Vishrambaug Wada,Busy and bustling,5
300,Bund Garden,Great for shopping,1
301,Raja Dinkar Kelkar Museum,Very spiritual and peaceful,1
302,Tulsi Baug,Scenic and tranquil,4
303,Shaniwar Wada,Developing area,1
304,Aga Khan Palace,Very spiritual and peaceful,4
305,Peshwa Udyan,Beautiful garden with a serene atmosphere,3
306,Sambhaji Park,Rich historical significance,2
307,Pataleshwar Cave Temple,Busy and bustling,2
308,Chaturshringi Temple,Beautiful garden with a serene atmosphere,4
309,Bund Garden,Very spiritual and peaceful,1
310,Rajiv Gandhi Zoological Park,Great for shopping,2
311,Katraj Snake Park,Developing area,3
312,Hong Kong Lane,Well-connected,4
313,Raja Dinkar Kelkar Museum,Scenic and tranquil,3
314,Tathawade Park,Family-friendly,3
315,Bund Garden,Busy and bustling,2
316,Mulshi Lake and Dam,Rich historical significance,5
317,Osho Ashram,Developing area,5
318,Peshwa Udyan,Scenic and tranquil,3
319,Tathawade Park,Scenic and tranquil,2
320,Sinhagad Fort,Family-friendly,1
321,Sambhaji Park,Amazing variety of animals,1
322,Raja Dinkar Kelkar Museum,Family-friendly,4
323,Shinde Chhatri,Family-friendly,2
324,Vishrambaug Wada,Well-connected,5
325,Mulshi Lake and Dam,Developing area,2
326,Rajiv Gandhi Zoological Park,Rich historical significance,4
327,Shaniwar Wada,Beautiful garden with a serene atmosphere,1
328,Rajiv Gandhi Zoological Park,Rich historical significance,5
329,Pataleshwar Cave Temple,Amazing variety of animals,2
330,Vishrambaug Wada,Amazing variety of animals,5
331,Raja Dinkar Kelkar Museum,Beautiful garden with a serene atmosphere,4
332,Aga Khan Palace,Beautiful garden with a serene atmosphere,5
333,Dagdusheth Halwai Ganpati Temple,Amazing variety of animals,3
334,Shunyo Park,Great for shopping,2
335,Laxmi Road,Scenic and tranquil,1
336,Osho Ashram,Scenic and tranquil,5
337,Dagdusheth Halwai Ganpati Temple,Developing area,3
338,Osho Ashram,Well-connected,3
339,Vishrambaug Wada,Developing area,2
340,Pataleshwar Cave Temple,Scenic and tranquil,5
341,Tulsi Baug,Busy and bustling,1
342,Peshwa Udyan,Rich historical significance,5
343,Pataleshwar Cave Temple,Beautiful garden with a serene atmosphere,4
344,Kasba Ganpati Temple,Amazing variety of animals,4
345,Kamala Nehru Park,Rich historical significance,5
346,Baner Pashan Biodiversity Park,Rich historical significance,1
347,Kasba Ganpati Temple,Beautiful garden with a serene atmosphere,3
348,Mahatma Phule Mandai,Amazing variety of animals,5
349,Chaturshringi Temple,Scenic and tranquil,1
350,Dagdusheth Halwai Ganpati Temple,Scenic and tranquil,1
351,Vishrambaug Wada,Family-friendly,4
352,Peshwe Udyan Zoo,Well-connected,3
353,Dagdusheth Halwai Ganpati Temple,Scenic and tranquil,3
354,Lal Mahal,Developing area,3
355,Pataleshwar Cave Temple,Amazing variety of animals,4
356,Osho Ashram,Amazing variety of animals,1
357,Aga Khan Palace,Great for shopping,4
358,Sinhagad Fort,Amazing variety of animals,4
359,Peshwe Udyan Zoo,Busy and bustling,3
360,Tathawade Park,Well-connected,2
361,Kamala Nehru Park,Rich historical significance,2
362,Mulshi Lake and Dam,Rich historical significance,5
363,Laxmi Road,Well-connected,3
364,Chaturshringi Temple,Rich historical significance,1
365,Kamala Nehru Park,Family-friendly,5
366,Sinhagad Fort,Very spiritual and peaceful,5
367,Saras Baug,Scenic and tranquil,5
368,Laxmi Road,Scenic and tranquil,2
369,Katraj Snake Park,Beautiful garden with a serene atmosphere,2
370,Vishrambaug Wada,Family-friendly,4
371,Kasba Ganpati Temple,Busy and bustling,2
372,Saras Baug,Well-connected,4
373,Dagdusheth Halwai Ganpati Temple,Family-friendly,1
374,Shunyo Park,Family-friendly,1
375,Shinde Chhatri,Busy and bustling,3
376,Pune Okayama Friendship Garden,Scenic and tranquil,5
377,Dagdusheth Halwai Ganpati Temple,Rich historical significance,3
378,Tulsi Baug,Beautiful garden with a serene atmosphere,2
379,Sinhagad Fort,Beautiful garden with a serene atmosphere,1
380,Kamala Nehru Park,Rich historical significance,3
381,Tathawade Park,Family-friendly,1
382,Peshwe Udyan Zoo,Very spiritual and peaceful,1
383,Kasba Ganpati Temple,Amazing variety of animals,1
384,Kasba Ganpati Temple,Very spiritual and peaceful,1
385,Kamala Nehru Park,Great for shopping,4
386,Dagdusheth Halwai Ganpati Temple,Great for shopping,3
387,Peshwe Udyan Zoo,Family-friendly,1
388,Osho Ashram,Scenic and tranquil,3
389,Raja Dinkar Kelkar Museum,Busy and bustling,1
390,Hong Kong Lane,Very spiritual and peaceful,3
391,Pataleshwar Cave Temple,Amazing variety of animals,1
392,Baner Pashan Biodiversity Park,Beautiful garden with a serene atmosphere,4
393,Pune Okayama Friendship Garden,Well-connected,1
394,Shaniwar Wada,Beautiful garden with a serene atmosphere,3
395,Rajiv Gandhi Zoological Park,Rich historical significance,2
396,Chaturshringi Temple,Family-friendly,1
397,Mahatma Phule Mandai,Rich historical significance,4
398,Vishrambaug Wada,Well-connected,1
399,Laxmi Road,Rich historical significance,4
400,Vishrambaug Wada,Family-friendly,5
401,Kamala Nehru Park,Rich historical significance,2
402,Saras Baug,Family-friendly,5
403,Rajiv Gandhi Zoological Park,Well-connected,2
404,Shinde Chhatri,Developing area,4
405,Kasba Ganpati Temple,Very spiritual and peaceful,1
406,Mulshi Lake and Dam,Beautiful garden with a serene atmosphere,5
407,Shinde Chhatri,Family-friendly,1
408,Baner Pashan Biodiversity Park,Busy and bustling,4
409,Sambhaji Park,Busy and bustling,1
410,Pune Okayama Friendship Garden,Rich historical significance,2
411,Lal Mahal,Scenic and tranquil,2
412,Tathawade Park,Rich historical significance,4
413,Katraj Snake Park,Rich historical significance,2
414,Dagdusheth Halwai Ganpati Temple,Well-connected,5
415,Shaniwar Wada,Busy and bustling,4
416,Dagdusheth Halwai Ganpati Temple,Beautiful garden with a serene atmosphere,2
417,Rajiv Gandhi Zoological Park,Amazing variety of animals,1
418,Osho Ashram,Great for shopping,1
419,Kamala Nehru Park,Rich historical significance,2
420,Shaniwar Wada,Very spiritual and peaceful,4
421,Mulshi Lake and Dam,Family-friendly,5
422,Rajiv Gandhi Zoological Park,Rich historical significance,2
423,Baner Pashan Biodiversity Park,Scenic and tranquil,1
424,Chaturshringi Temple,Rich historical significance,3
425,Empress Garden,Great for shopping,2
426,Tulsi Baug,Amazing variety of animals,2
427,Hong Kong Lane,Beautiful garden with a serene atmosphere,3
428,Vishrambaug Wada,Rich historical significance,2
429,Shaniwar Wada,Rich historical significance,1
430,Baner Pashan Biodiversity Park,Family-friendly,1
431,Osho Ashram,Great for shopping,3
432,Hong Kong Lane,Beautiful garden with a serene atmosphere,5
433,Bund Garden,Rich historical significance,2
434,Rajiv Gandhi Zoological Park,Amazing variety of animals,2
435,Fashion Street,Amazing variety of animals,2
436,Tathawade Park,Very spiritual and peaceful,4
437,Shinde Chhatri,Great for shopping,4
438,Saras Baug,Family-friendly,1
439,Tulsi Baug,Well-connected,2
440,Saras Baug,Amazing variety of animals,1
441,Raja Dinkar Kelkar Museum,Developing area,3
442,Parvati Hill Temple,Rich historical significance,4
443,Empress Garden,Beautiful garden with a serene atmosphere,3
444,Mulshi Lake and Dam,Busy and bustling,1
445,Raja Dinkar Kelkar Museum,Great for shopping,1
446,Hong Kong Lane,Amazing variety of animals,5
447,Tathawade Park,Rich historical significance,2
448,Chaturshringi Temple,Well-connected,1
449,Tathawade Park,Beautiful garden with a serene atmosphere,3
450,Kasba Ganpati Temple,Rich historical significance,2
451,Peshwa Udyan,Busy and bustling,2
452,Mulshi Lake and Dam,Well-connected,1
453,Dagdusheth Halwai Ganpati Temple,Well-connected,5
454,Peshwe Udyan Zoo,Busy and bustling,4
455,Parvati Hill Temple,Amazing variety of animals,1
456,Shunyo Park,Well-connected,1
457,Lal Mahal,Developing area,3
458,Mahatma Phule Mandai,Family-friendly,1
459,Katraj Snake Park,Scenic and tranquil,5
460,Peshwa Udyan,Great for shopping,2
461,Aga Khan Palace,Amazing variety of animals,4
462,Tulsi Baug,Great for shopping,5
463,Pataleshwar Cave Temple,Great for shopping,2
464,Mulshi Lake and Dam,Beautiful garden with a serene atmosphere,4
465,Sinhagad Fort,Amazing variety of animals,4
466,Baner Pashan Biodiversity Park,Family-friendly,2
467,Sinhagad Fort,Beautiful garden with a serene atmosphere,5
468,Tathawade Park,Great for shopping,5
469,Osho Ashram,Beautiful garden with a serene atmosphere,5
470,Aga Khan Palace,Very spiritual and peaceful,4
471,Kamala Nehru Park,Family-friendly,4
472,Dagdusheth Halwai Ganpati Temple,Rich historical significance,5
473,Laxmi Road,Rich historical significance,5
474,Empress Garden,Scenic and tranquil,4
475,Lal Mahal,Busy and bustling,4
476,Peshwe Udyan Zoo,Very spiritual and peaceful,4
477,Empress Garden,Family-friendly,1
478,Pataleshwar Cave Temple,Great for shopping,4
479,Shunyo Park,Busy and bustling,5
480,Parvati Hill Temple,Family-friendly,2
481,Shinde Chhatri,Well-connected,4
482,Osho Ashram,Scenic and tranquil,5
483,Laxmi Road,Busy and bustling,2
484,Saras Baug,Very spiritual and peaceful,5
485,Rajiv Gandhi Zoological Park,Very spiritual and peaceful,3
486,Dagdusheth Halwai Ganpati Temple,Family-friendly,1
487,Shinde Chhatri,Beautiful garden with a serene atmosphere,1
488,Sinhagad Fort,Busy and bustling,5
489,Shaniwar Wada,Scenic and tranquil,1
490,Sambhaji Park,Beautiful garden with a serene atmosphere,3
491,Vishrambaug Wada,Developing area,4
492,Mahatma Phule Mandai,Developing area,5
493,Mulshi Lake and Dam,Great for shopping,2
494,Lal Mahal,Great for shopping,5
495,Baner Pashan Biodiversity Park,Beautiful garden with a serene atmosphere,1
496,Shunyo Park,Very spiritual and peaceful,1
497,Tathawade Park,Beautiful garden with a serene atmosphere,3
498,Shinde Chhatri,Well-connected,4
499,Raja Dinkar Kelkar Museum,Well-connected,4
500,Kamala Nehru Park,Amazing variety of animals,2
501,Hong Kong Lane,Great for shopping,1
502,Peshwe Udyan Zoo,Amazing variety of animals,3
503,Empress Garden,Family-friendly,4
504,Parvati Hill Temple,Very spiritual and peaceful,4
505,Tulsi Baug,Developing area,5
506,Chaturshringi Temple,Very spiritual and peaceful,1
507,Shaniwar Wada,Amazing variety of animals,4
508,Tathawade Park,Developing area,4
509,Tulsi Baug,Scenic and tranquil,4
510,Aga Khan Palace,Beautiful garden with a serene atmosphere,1
511,Laxmi Road,Family-friendly,1
512,Pataleshwar Cave Temple,Well-connected,2
513,Peshwe Udyan Zoo,Rich historical significance,1
514,Mahatma Phule Mandai,Amazing variety of animals,5
515,Kasba Ganpati Temple,Busy and bustling,2
516,Dagdusheth Halwai Ganpati Temple,Very spiritual and peaceful,2
517,Vishrambaug Wada,Busy and bustling,5
518,Vishrambaug Wada,Scenic and tranquil,5
519,Kamala Nehru Park,Busy and bustling,1
520,Tathawade Park,Developing area,5
521,Chaturshringi Temple,Developing area,1
522,Vishrambaug Wada,Rich historical significance,5
523,Peshwe Udyan Zoo,Great for shopping,5
524,Rajiv Gandhi Zoological Park,Family-friendly,1
525,Kasba Ganpati Temple,Well-connected,1
526,Sinhagad Fort,Very spiritual and peaceful,5
527,Dagdusheth Halwai Ganpati Temple,Busy and bustling,4
528,Dagdusheth Halwai Ganpati Temple,Great for shopping,5
529,Aga Khan Palace,Scenic and tranquil,5
530,Rajiv Gandhi Zoological Park,Busy and bustling,1
531,Vishrambaug Wada,Family-friendly,5
532,Baner Pashan Biodiversity Park,Beautiful garden with a serene atmosphere,4
533,Hong Kong Lane,Well-connected,5
534,Osho Ashram,Beautiful garden with a serene atmosphere,3
535,Raja Dinkar Kelkar Museum,Well-connected,5
536,Hong Kong Lane,Family-friendly,3
537,Raja Dinkar Kelkar Museum,Developing area,4
538,Hong Kong Lane,Family-friendly,4
539,Tulsi Baug,Well-connected,1
540,Kasba Ganpati Temple,Developing area,2
541,Kamala Nehru Park,Busy and bustling,3
542,Kasba Ganpati Temple,Very spiritual and peaceful,1
543,Tathawade Park,Developing area,1
544,Peshwa Udyan,Scenic and tranquil,3
545,Kasba Ganpati Temple,Very spiritual and peaceful,5
546,Kamala Nehru Park,Great for shopping,1
547,Katraj Snake Park,Great for shopping,1
548,Mulshi Lake and Dam,Very spiritual and peaceful,3
549,Empress Garden,Well-connected,5
550,Mulshi Lake and Dam,Very spiritual and peaceful,2
551,Kamala Nehru Park,Well-connected,3
552,Shinde Chhatri,Rich historical significance,5
553,Sambhaji Park,Developing area,4
554,Baner Pashan Biodiversity Park,Amazing variety of animals,1
555,Raja Dinkar Kelkar Museum,Great for shopping,3
556,Laxmi Road,Family-friendly,4
557,Peshwa Udyan,Amazing variety of animals,4
558,Peshwa Udyan,Scenic and tranquil,4
559,Fashion Street,Rich historical significance,3
560,Sambhaji Park,Busy and bustling,4
561,Baner Pashan Biodiversity Park,Great for shopping,2
562,Kasba Ganpati Temple,Well-connected,4
563,Aga Khan Palace,Family-friendly,3
564,Empress Garden,Amazing variety of animals,4
565,Mulshi Lake and Dam,Busy and bustling,4
566,Pataleshwar Cave Temple,Developing area,2
567,Pataleshwar Cave Temple,Very spiritual and peaceful,1
568,Rajiv Gandhi Zoological Park,Busy and bustling,3
569,Katraj Snake Park,Scenic and tranquil,5
570,Fashion Street,Developing area,5
571,Hong Kong Lane,Scenic and tranquil,4
572,Peshwe Udyan Zoo,Rich historical significance,2
573,Mahatma Phule Mandai,Busy and bustling,5
574,Tulsi Baug,Family-friendly,3
575,Sinhagad Fort,Rich historical significance,3
576,Lal Mahal,Developing area,3
577,Katraj Snake Park,Rich historical significance,2
578,Shinde Chhatri,Great for shopping,5
579,Rajiv Gandhi Zoological Park,Well-connected,5
580,Pataleshwar Cave Temple,Beautiful garden with a serene atmosphere,3
581,Osho Ashram,Very spiritual and peaceful,3
582,Osho Ashram,Scenic and tranquil,2
583,Fashion Street,Great for shopping,3
584,Parvati Hill Temple,Busy and bustling,2
585,Peshwa Udyan,Developing area,2
586,Dagdusheth Halwai Ganpati Temple,Very spiritual and peaceful,4
587,Lal Mahal,Amazing variety of animals,4
588,Tulsi Baug,Developing area,2
589,Hong Kong Lane,Developing area,1
590,Katraj Snake Park,Family-friendly,5
591,Rajiv Gandhi Zoological Park,Well-connected,3
592,Tulsi Baug,Very spiritual and peaceful,2
593,Kasba Ganpati Temple,Very spiritual and peaceful,5
594,Mulshi Lake and Dam,Rich historical significance,3
595,Parvati Hill Temple,Rich historical significance,1
596,Shinde Chhatri,Well-connected,1
597,Peshwa Udyan,Rich historical significance,4
598,Aga Khan Palace,Beautiful garden with a serene atmosphere,3
599,Dagdusheth Halwai Ganpati Temple,Great for shopping,3
600,Sinhagad Fort,Very spiritual and peaceful,5
601,Tathawade Park,Great for shopping,5
602,Kasba Ganpati Temple,Well-connected,1
603,Parvati Hill Temple,Rich historical significance,2
604,Rajiv Gandhi Zoological Park,Rich historical significance,3
605,Katraj Snake Park,Very spiritual and peaceful,3
606,Peshwa Udyan,Developing area,5
607,Pune Okayama Friendship Garden,Rich historical significance,4
608,Peshwe Udyan Zoo,Beautiful garden with a serene atmosphere,1
609,Baner Pashan Biodiversity Park,Well-connected,4
610,Shunyo Park,Great for shopping,2
611,Raja Dinkar Kelkar Museum,Rich historical significance,5
612,Saras Baug,Scenic and tranquil,4
613,Lal Mahal,Great for shopping,4
614,Laxmi Road,Amazing variety of animals,1
615,Bund Garden,Scenic and tranquil,1
616,Pune Okayama Friendship Garden,Well-connected,2
617,Shaniwar Wada,Family-friendly,5
618,Kamala Nehru Park,Developing area,5
619,Baner Pashan Biodiversity Park,Rich historical significance,4
620,Parvati Hill Temple,Busy and bustling,2
621,Shinde Chhatri,Busy and bustling,1
622,Lal Mahal,Busy and bustling,3
623,Chaturshringi Temple,Amazing variety of animals,4
624,Parvati Hill Temple,Well-connected,1
625,Fashion Street,Busy and bustling,1
626,Osho Ashram,Busy and bustling,5
627,Shaniwar Wada,Very spiritual and peaceful,4
628,Raja Dinkar Kelkar Museum,Great for shopping,2
629,Mahatma Phule Mandai,Beautiful garden with a serene atmosphere,5
630,Tulsi Baug,Amazing variety of animals,4
631,Osho Ashram,Busy and bustling,1
632,Laxmi Road,Amazing variety of animals,1
633,Lal Mahal,Great for shopping,1
634,Mahatma Phule Mandai,Developing area,3
635,Katraj Snake Park,Developing area,5
636,Pataleshwar Cave Temple,Very spiritual and peaceful,3
637,Kamala Nehru Park,Scenic and tranquil,4
638,Rajiv Gandhi Zoological Park,Family-friendly,1
639,Parvati Hill Temple,Amazing variety of animals,4
640,Katraj Snake Park,Amazing variety of animals,5
641,Mahatma Phule Mandai,Great for shopping,3
642,Katraj Snake Park,Beautiful garden with a serene atmosphere,4
643,Pune Okayama Friendship Garden,Amazing variety of animals,2
644,Pataleshwar Cave Temple,Rich historical significance,4
645,Aga Khan Palace,Scenic and tranquil,4
646,Mahatma Phule Mandai,Beautiful garden with a serene atmosphere,4
647,Kamala Nehru Park,Amazing variety of animals,1
648,Baner Pashan Biodiversity Park,Busy and bustling,4
649,Dagdusheth Halwai Ganpati Temple,Great for shopping,5
650,Tathawade Park,Family-friendly,3
651,Laxmi Road,Amazing variety of animals,5
652,Rajiv Gandhi Zoological Park,Rich historical significance,4
653,Mahatma Phule Mandai,Developing area,3
654,Kasba Ganpati Temple,Busy and bustling,5
655,Sinhagad Fort,Busy and bustling,4
656,Kamala Nehru Park,Well-connected,5
657,Chaturshringi Temple,Family-friendly,5
658,Lal Mahal,Busy and bustling,4
659,Shaniwar Wada,Very spiritual and peaceful,2
660,Kamala Nehru Park,Amazing variety of animals,4
661,Mahatma Phule Mandai,Very spiritual and peaceful,1
662,Rajiv Gandhi Zoological Park,Scenic and tranquil,5
663,Rajiv Gandhi Zoological Park,Busy and bustling,2
664,Peshwe Udyan Zoo,Amazing variety of animals,5
665,Mulshi Lake and Dam,Rich historical significance,2
666,Aga Khan Palace,Scenic and tranquil,2
667,Peshwe Udyan Zoo,Developing area,5
668,Tathawade Park,Scenic and tranquil,1
669,Tulsi Baug,Great for shopping,3
670,Empress Garden,Developing area,1
671,Sinhagad Fort,Busy and bustling,3
672,Mahatma Phule Mandai,Amazing variety of animals,5
673,Kamala Nehru Park,Well-connected,4
674,Mahatma Phule Mandai,Great for shopping,1
675,Osho Ashram,Rich historical significance,1
676,Sambhaji Park,Family-friendly,1
677,Raja Dinkar Kelkar Museum,Family-friendly,3
678,Lal Mahal,Busy and bustling,4
679,Sinhagad Fort,Developing area,3
680,Mahatma Phule Mandai,Well-connected,2
681,Baner Pashan Biodiversity Park,Busy and bustling,4
682,Chaturshringi Temple,Great for shopping,4
683,Shaniwar Wada,Beautiful garden with a serene atmosphere,4
684,Katraj Snake Park,Developing area,2
685,Dagdusheth Halwai Ganpati Temple,Scenic and tranquil,2
686,Vishrambaug Wada,Developing area,4
687,Aga Khan Palace,Beautiful garden with a serene atmosphere,1
688,Hong Kong Lane,Great for shopping,4
689,Raja Dinkar Kelkar Museum,Family-friendly,5
690,Vishrambaug Wada,Beautiful garden with a serene atmosphere,1
691,Peshwe Udyan Zoo,Scenic and tranquil,1
692,Rajiv Gandhi Zoological Park,Amazing variety of animals,5
693,Fashion Street,Great for shopping,5
694,Chaturshringi Temple,Well-connected,2
695,Baner Pashan Biodiversity Park,Busy and bustling,1
696,Sinhagad Fort,Well-connected,1
697,Shinde Chhatri,Great for shopping,1
698,Raja Dinkar Kelkar Museum,Scenic and tranquil,1
699,Shunyo Park,Amazing variety of animals,3
700,Sambhaji Park,Busy and bustling,5
701,Empress Garden,Family-friendly,5
702,Kamala Nehru Park,Beautiful garden with a serene atmosphere,1
703,Pune Okayama Friendship Garden,Amazing variety of animals,4
704,Lal Mahal,Beautiful garden with a serene atmosphere,2
705,Empress Garden,Very spiritual and peaceful,1
706,Pune Okayama Friendship Garden,Rich historical significance,5
707,Shinde Chhatri,Family-friendly,1
708,Vishrambaug Wada,Scenic and tranquil,1
709,Osho Ashram,Busy and bustling,5
710,Saras Baug,Rich historical significance,1
711,Tathawade Park,Beautiful garden with a serene atmosphere,2
712,Lal Mahal,Developing area,4
713,Peshwa Udyan,Amazing variety of animals,2
714,Rajiv Gandhi Zoological Park,Scenic and tranquil,5
715,Lal Mahal,Scenic and tranquil,1
716,Shunyo Park,Developing area,5
717,Baner Pashan Biodiversity Park,Great for shopping,1
718,Pune Okayama Friendship Garden,Amazing variety of animals,4
719,Pataleshwar Cave Temple,Great for shopping,2
720,Shunyo Park,Great for shopping,2
721,Saras Baug,Family-friendly,5
722,Chaturshringi Temple,Scenic and tranquil,5
723,Peshwa Udyan,Rich historical significance,2
724,Raja Dinkar Kelkar Museum,Developing area,4
725,Dagdusheth Halwai Ganpati Temple,Developing area,3
726,Sambhaji Park,Busy and bustling,1
727,Rajiv Gandhi Zoological Park,Great for shopping,3
728,Raja Dinkar Kelkar Museum,Rich historical significance,2
729,Empress Garden,Well-connected,3
730,Chaturshringi Temple,Well-connected,3
731,Empress Garden,Great for shopping,5
732,Osho Ashram,Rich historical significance,3
733,Kasba Ganpati Temple,Well-connected,1
734,Chaturshringi Temple,Well-connected,5
735,Bund Garden,Family-friendly,3
736,Saras Baug,Scenic and tranquil,3
737,Osho Ashram,Scenic and tranquil,2
738,Mahatma Phule Mandai,Very spiritual and peaceful,5
739,Saras Baug,Very spiritual and peaceful,5
740,Tathawade Park,Scenic and tranquil,5
741,Pune Okayama Friendship Garden,Beautiful garden with a serene atmosphere,1
742,Shinde Chhatri,Developing area,5
743,Hong Kong Lane,Well-connected,5
744,Shaniwar Wada,Busy and bustling,1
745,Pune Okayama Friendship Garden,Amazing variety of animals,3
746,Sambhaji Park,Busy and bustling,5
747,Lal Mahal,Rich historical significance,5
748,Shinde Chhatri,Amazing variety of animals,4
749,Sinhagad Fort,Rich historical significance,2
750,Baner Pashan Biodiversity Park,Amazing variety of animals,4
751,Saras Baug,Family-friendly,4
752,Empress Garden,Amazing variety of animals,1
753,Hong Kong Lane,Great for shopping,5
754,Aga Khan Palace,Well-connected,2
755,Tulsi Baug,Family-friendly,3
756,Pune Okayama Friendship Garden,Rich historical significance,4
757,Shaniwar Wada,Busy and bustling,5
758,Laxmi Road,Great for shopping,2
759,Bund Garden,Developing area,5
760,Kamala Nehru Park,Developing area,2
761,Baner Pashan Biodiversity Park,Rich historical significance,1
762,Mahatma Phule Mandai,Scenic and tranquil,5
763,Saras Baug,Scenic and tranquil,2
764,Katraj Snake Park,Very spiritual and peaceful,4
765,Kamala Nehru Park,Rich historical significance,3
766,Rajiv Gandhi Zoological Park,Busy and bustling,4
767,Chaturshringi Temple,Well-connected,5
768,Raja Dinkar Kelkar Museum,Beautiful garden with a serene atmosphere,2
769,Hong Kong Lane,Scenic and tranquil,3
770,Shinde Chhatri,Amazing variety of animals,4
771,Shunyo Park,Developing area,4
772,Bund Garden,Amazing variety of animals,1
773,Bund Garden,Beautiful garden with a serene atmosphere,3
774,Kamala Nehru Park,Very spiritual and peaceful,5
775,Hong Kong Lane,Amazing variety of animals,2
776,Peshwa Udyan,Great for shopping,3
777,Fashion Street,Family-friendly,5
778,Peshwe Udyan Zoo,Scenic and tranquil,5
779,Aga Khan Palace,Developing area,2
780,Tulsi Baug,Beautiful garden with a serene atmosphere,4
781,Pataleshwar Cave Temple,Busy and bustling,4
782,Chaturshringi Temple,Great for shopping,5
783,Mulshi Lake and Dam,Very spiritual and peaceful,2
784,Aga Khan Palace,Amazing variety of animals,3
785,Parvati Hill Temple,Amazing variety of animals,5
786,Kasba Ganpati Temple,Amazing variety of animals,2
787,Aga Khan Palace,Busy and bustling,3
788,Shinde Chhatri,Rich historical significance,5
789,Chaturshringi Temple,Scenic and tranquil,5
790,Pataleshwar Cave Temple,Very spiritual and peaceful,3
791,Katraj Snake Park,Well-connected,5
792,Vishrambaug Wada,Well-connected,3
793,Vishrambaug Wada,Well-connected,2
794,Vishrambaug Wada,Busy and bustling,2
795,Saras Baug,Great for shopping,1
796,Hong Kong Lane,Beautiful garden with a serene atmosphere,5
797,Sinhagad Fort,Beautiful garden with a serene atmosphere,5
798,Rajiv Gandhi Zoological Park,Very spiritual and peaceful,2
799,Raja Dinkar Kelkar Museum,Developing area,3
800,Bund Garden,Great for shopping,2
801,Shaniwar Wada,Very spiritual and peaceful,5
802,Raja Dinkar Kelkar Museum,Rich historical significance,3
803,Kasba Ganpati Temple,Developing area,3
804,Chaturshringi Temple,Rich historical significance,3
805,Laxmi Road,Amazing variety of animals,1
806,Empress Garden,Amazing variety of animals,4
807,Baner Pashan Biodiversity Park,Amazing variety of animals,4
808,Shinde Chhatri,Well-connected,3
809,Vishrambaug Wada,Very spiritual and peaceful,3
810,Kamala Nehru Park,Busy and bustling,2
811,Tathawade Park,Beautiful garden with a serene atmosphere,3
812,Lal Mahal,Great for shopping,2
813,Peshwa Udyan,Rich historical significance,2
814,Laxmi Road,Amazing variety of animals,5
815,Peshwa Udyan,Well-connected,5
816,Katraj Snake Park,Well-connected,3
817,Shinde Chhatri,Well-connected,1
818,Sinhagad Fort,Rich historical significance,2
819,Chaturshringi Temple,Beautiful garden with a serene atmosphere,2
820,Vishrambaug Wada,Rich historical significance,2
821,Sambhaji Park,Great for shopping,5
822,Osho Ashram,Rich historical significance,1
823,Shaniwar Wada,Rich historical significance,1
824,Mulshi Lake and Dam,Rich historical significance,4
825,Rajiv Gandhi Zoological Park,Scenic and tranquil,2
826,Tulsi Baug,Amazing variety of animals,1
827,Rajiv Gandhi Zoological Park,Very spiritual and peaceful,3
828,Tathawade Park,Amazing variety of animals,3
829,Parvati Hill Temple,Beautiful garden with a serene atmosphere,5
830,Laxmi Road,Great for shopping,4
831,Dagdusheth Halwai Ganpati Temple,Developing area,1
832,Rajiv Gandhi Zoological Park,Busy and bustling,5
833,Pune Okayama Friendship Garden,Beautiful garden with a serene atmosphere,3
834,Vishrambaug Wada,Rich historical significance,3
835,Rajiv Gandhi Zoological Park,Scenic and tranquil,5
836,Rajiv Gandhi Zoological Park,Beautiful garden with a serene atmosphere,4
837,Pune Okayama Friendship Garden,Rich historical significance,4
838,Hong Kong Lane,Developing area,1
839,Fashion Street,Amazing variety of animals,3
840,Aga Khan Palace,Amazing variety of animals,1
841,Vishrambaug Wada,Family-friendly,2
842,Empress Garden,Busy and bustling,5
843,Kamala Nehru Park,Amazing variety of animals,2
844,Peshwa Udyan,Family-friendly,5
845,Baner Pashan Biodiversity Park,Beautiful garden with a serene atmosphere,3
846,Katraj Snake Park,Family-friendly,1
847,Shunyo Park,Scenic and tranquil,2
848,Osho Ashram,Amazing variety of animals,3
849,Mulshi Lake and Dam,Scenic and tranquil,3
850,Tulsi Baug,Rich historical significance,2
851,Sambhaji Park,Amazing variety of animals,3
852,Parvati Hill Temple,Busy and bustling,1
853,Peshwa Udyan,Amazing variety of animals,4
854,Baner Pashan Biodiversity Park,Great for shopping,4
855,Mahatma Phule Mandai,Well-connected,3
856,Shunyo Park,Great for shopping,5
857,Baner Pashan Biodiversity Park,Busy and bustling,1
858,Laxmi Road,Family-friendly,3
859,Baner Pashan Biodiversity Park,Great for shopping,4
860,Aga Khan Palace,Very spiritual and peaceful,5
861,Sinhagad Fort,Busy and bustling,3
862,Baner Pashan Biodiversity Park,Developing area,1
863,Shaniwar Wada,Family-friendly,2
864,Dagdusheth Halwai Ganpati Temple,Busy and bustling,5
865,Tulsi Baug,Rich historical significance,4
866,Vishrambaug Wada,Great for shopping,1
867,Dagdusheth Halwai Ganpati Temple,Amazing variety of animals,2
868,Mulshi Lake and Dam,Amazing variety of animals,5
869,Peshwe Udyan Zoo,Very spiritual and peaceful,3
870,Rajiv Gandhi Zoological Park,Busy and bustling,3
871,Laxmi Road,Developing area,4
872,Shinde Chhatri,Rich historical significance,5
873,Pune Okayama Friendship Garden,Busy and bustling,5
874,Osho Ashram,Great for shopping,1
875,Saras Baug,Busy and bustling,3
876,Lal Mahal,Rich historical significance,2
877,Laxmi Road,Scenic and tranquil,2
878,Rajiv Gandhi Zoological Park,Amazing variety of animals,3
879,Tathawade Park,Amazing variety of animals,1
880,Sinhagad Fort,Busy and bustling,5
881,Empress Garden,Very spiritual and peaceful,3
882,Shaniwar Wada,Well-connected,1
883,Rajiv Gandhi Zoological Park,Rich historical significance,2
884,Raja Dinkar Kelkar Museum,Family-friendly,2
885,Sinhagad Fort,Well-connected,4
886,Vishrambaug Wada,Amazing variety of animals,3
887,Hong Kong Lane,Beautiful garden with a serene atmosphere,5
888,Chaturshringi Temple,Developing area,4
889,Raja Dinkar Kelkar Museum,Great for shopping,5
890,Laxmi Road,Rich historical significance,3
891,Tulsi Baug,Amazing variety of animals,3
892,Tulsi Baug,Scenic and tranquil,3
893,Mahatma Phule Mandai,Rich historical significance,4
894,Dagdusheth Halwai Ganpati Temple,Beautiful garden with a serene atmosphere,5
895,Shunyo Park,Developing area,2
896,Baner Pashan Biodiversity Park,Developing area,1
897,Dagdusheth Halwai Ganpati Temple,Rich historical significance,3
898,Lal Mahal,Great for shopping,1
899,Peshwa Udyan,Amazing variety of animals,4
900,Dagdusheth Halwai Ganpati Temple,Rich historical significance,5
901,Peshwa Udyan,Well-connected,1
902,Sinhagad Fort,Beautiful garden with a serene atmosphere,1
903,Kamala Nehru Park,Amazing variety of animals,2
904,Vishrambaug Wada,Great for shopping,2
905,Rajiv Gandhi Zoological Park,Family-friendly,1
906,Laxmi Road,Very spiritual and peaceful,3
907,Shinde Chhatri,Very spiritual and peaceful,1
908,Hong Kong Lane,Very spiritual and peaceful,4
909,Raja Dinkar Kelkar Museum,Developing area,3
910,Kamala Nehru Park,Great for shopping,4
911,Mahatma Phule Mandai,Well-connected,2
912,Peshwa Udyan,Busy and bustling,5
913,Saras Baug,Amazing variety of animals,2
914,Laxmi Road,Scenic and tranquil,1
915,Osho Ashram,Rich historical significance,3
916,Kasba Ganpati Temple,Developing area,1
917,Fashion Street,Busy and bustling,3
918,Kasba Ganpati Temple,Great for shopping,2
919,Aga Khan Palace,Scenic and tranquil,1
920,Dagdusheth Halwai Ganpati Temple,Well-connected,2
921,Rajiv Gandhi Zoological Park,Rich historical significance,4
922,Tathawade Park,Very spiritual and peaceful,1
923,Chaturshringi Temple,Busy and bustling,1
924,Dagdusheth Halwai Ganpati Temple,Scenic and tranquil,2
925,Mahatma Phule Mandai,Scenic and tranquil,1
926,Parvati Hill Temple,Busy and bustling,4
927,Sinhagad Fort,Scenic and tranquil,2
928,Raja Dinkar Kelkar Museum,Family-friendly,2
929,Parvati Hill Temple,Well-connected,2
930,Chaturshringi Temple,Developing area,3
931,Tulsi Baug,Amazing variety of animals,5
932,Chaturshringi Temple,Family-friendly,5
933,Laxmi Road,Busy and bustling,2
934,Laxmi Road,Great for shopping,2
935,Shinde Chhatri,Busy and bustling,5
936,Lal Mahal,Very spiritual and peaceful,3
937,Rajiv Gandhi Zoological Park,Beautiful garden with a serene atmosphere,2
938,Shaniwar Wada,Developing area,2
939,Kasba Ganpati Temple,Beautiful garden with a serene atmosphere,5
940,Fashion Street,Family-friendly,5
941,Baner Pashan Biodiversity Park,Great for shopping,5
942,Kasba Ganpati Temple,Well-connected,3
943,Rajiv Gandhi Zoological Park,Amazing variety of animals,2
944,Mahatma Phule Mandai,Amazing variety of animals,2
945,Peshwa Udyan,Scenic and tranquil,5
946,Sinhagad Fort,Family-friendly,1
947,Aga Khan Palace,Beautiful garden with a serene atmosphere,5
948,Mahatma Phule Mandai,Amazing variety of animals,5
949,Shinde Chhatri,Very spiritual and peaceful,4
950,Sambhaji Park,Great for shopping,1
951,Dagdusheth Halwai Ganpati Temple,Family-friendly,1
952,Saras Baug,Great for shopping,1
953,Vishrambaug Wada,Family-friendly,1
954,Rajiv Gandhi Zoological Park,Very spiritual and peaceful,4
955,Shunyo Park,Busy and bustling,5
956,Sinhagad Fort,Amazing variety of animals,2
957,Chaturshringi Temple,Developing area,5
958,Peshwa Udyan,Very spiritual and peaceful,3
959,Kasba Ganpati Temple,Beautiful garden with a serene atmosphere,2
960,Pataleshwar Cave Temple,Busy and bustling,1
961,Laxmi Road,Beautiful garden with a serene atmosphere,4
962,Empress Garden,Well-connected,5
963,Sinhagad Fort,Rich historical significance,3
964,Vishrambaug Wada,Rich historical significance,4
965,Pune Okayama Friendship Garden,Busy and bustling,3
966,Peshwa Udyan,Scenic and tranquil,4
967,Pune Okayama Friendship Garden,Scenic and tranquil,3
968,Lal Mahal,Family-friendly,2
969,Kamala Nehru Park,Developing area,1
970,Dagdusheth Halwai Ganpati Temple,Amazing variety of animals,4
971,Rajiv Gandhi Zoological Park,Amazing variety of animals,1
972,Rajiv Gandhi Zoological Park,Well-connected,4
973,Kamala Nehru Park,Well-connected,3
974,Lal Mahal,Well-connected,3
975,Kasba Ganpati Temple,Scenic and tranquil,4
976,Mahatma Phule Mandai,Busy and bustling,3
977,Rajiv Gandhi Zoological Park,Very spiritual and peaceful,3
978,Mahatma Phule Mandai,Rich historical significance,5
979,Mahatma Phule Mandai,Busy and bustling,5
980,Lal Mahal,Rich historical significance,1
981,Kamala Nehru Park,Busy and bustling,3
982,Fashion Street,Family-friendly,3
983,Baner Pashan Biodiversity Park,Very spiritual and peaceful,1
984,Bund Garden,Well-connected,4
985,Mulshi Lake and Dam,Scenic and tranquil,2
986,Osho Ashram,Busy and bustling,4
987,Kamala Nehru Park,Scenic and tranquil,4
988,Kasba Ganpati Temple,Family-friendly,1
989,Laxmi Road,Family-friendly,5
990,Pataleshwar Cave Temple,Family-friendly,3
991,Shaniwar Wada,Busy and bustling,5
992,Rajiv Gandhi Zoological Park,Scenic and tranquil,5
993,Tulsi Baug,Amazing variety of animals,5
994,Sambhaji Park,Great for shopping,2
995,Dagdusheth Halwai Ganpati Temple,Family-friendly,1
996,Pataleshwar Cave Temple,Busy and bustling,4
997,Shinde Chhatri,Great for shopping,3
998,Lal Mahal,Scenic and tranquil,1
999,Katraj Snake Park,Developing area,3
1000,Vishrambaug Wada,Beautiful garden with a serene atmosphere,5
1001,Baner,Vibrant and lively,2
1002,Deccan Gymkhana,Safe and quiet,1
1003,Pashan,Developing area,3
1004,Baner,Tech hub with good facilities,4
1005,Kharadi,Developing area,4
1006,Aundh,Peaceful and green,5
1007,Bibwewadi,Developing area,4
1008,Hadapsar,Great place with lots of amenities,3
1009,Deccan Gymkhana,Safe and quiet,1
1010,Koregaon Park,Vibrant and lively,5
1011,Pashan,Peaceful and green,5
1012,Magarpatta,Well-connected,3
1013,Kothrud,Safe and quiet,4
1014,Bavdhan,Family-friendly,1
1015,Kothrud,Good residential area,1
1016,Swargate,Busy and bustling,1
1017,Camp,Developing area,4
1018,Deccan Gymkhana,Busy and bustling,2
1019,Koregaon Park,Busy and bustling,5
1020,Deccan Gymkhana,Busy and bustling,2
1021,Dhankawadi,Family-friendly,2
1022,Kothrud,Busy and bustling,2
1023,Hinjewadi,Good residential area,4
1024,Baner,Great place with lots of amenities,3
1025,Aundh,Tech hub with good facilities,3
1026,Shivaji Nagar,Well-connected,5
1027,Koregaon Park,Family-friendly,2
1028,Dhankawadi,Busy and bustling,5
1029,Deccan Gymkhana,Well-connected,3
1030,Kothrud,Great place with lots of amenities,2
1031,Koregaon Park,Developing area,4
1032,Deccan Gymkhana,Family-friendly,1
1033,Pimple Saudagar,Good residential area,1
1034,Camp,Good residential area,1
1035,Pashan,Well-connected,1
1036,Bibwewadi,Peaceful and green,3
1037,Viman Nagar,Great place with lots of amenities,2
1038,Wakad,Family-friendly,3
1039,Baner,Developing area,2
1040,Pimple Saudagar,Good residential area,1
1041,Swargate,Busy and bustling,5
1042,Deccan Gymkhana,Developing area,5
1043,Kharadi,Safe and quiet,3
1044,Shivaji Nagar,Good residential area,3
1045,Bibwewadi,Safe and quiet,1
1046,Pimple Saudagar,Busy and bustling,4
1047,Kharadi,Safe and quiet,5
1048,Pimple Saudagar,Tech hub with good facilities,2
1049,Kharadi,Vibrant and lively,5
1050,Bavdhan,Tech hub with good facilities,5
1051,Pashan,Peaceful and green,1
1052,Aundh,Tech hub with good facilities,2
1053,Aundh,Great place with lots of amenities,4
1054,Swargate,Family-friendly,5
1055,Viman Nagar,Safe and quiet,1
1056,Dhankawadi,Well-connected,3
1057,Swargate,Busy and bustling,3
1058,Pashan,Great place with lots of amenities,4
1059,Magarpatta,Developing area,4
1060,Swargate,Vibrant and lively,2
1061,Pimple Saudagar,Family-friendly,4
1062,Aundh,Good residential area,2
1063,Pimple Saudagar,Vibrant and lively,4
1064,Aundh,Great place with lots of amenities,2
1065,Wakad,Safe and quiet,5
1066,Magarpatta,Good residential area,3
1067,Bavdhan,Family-friendly,2
1068,Kharadi,Great place with lots of amenities,3
1069,Viman Nagar,Safe and quiet,1
1070,Kharadi,Great place with lots of amenities,4
1071,Magarpatta,Peaceful and green,3
1072,Hadapsar,Busy and bustling,1
1073,Bibwewadi,Family-friendly,3
1074,Pimple Saudagar,Family-friendly,2
1075,Bibwewadi,Great place with lots of amenities,3
1076,Wakad,Peaceful and green,3
1077,Deccan Gymkhana,Family-friendly,5
1078,Kharadi,Family-friendly,1
1079,Yerawada,Good residential area,3
1080,Shivaji Nagar,Good residential area,4
1081,Shivaji Nagar,Well-connected,5
1082,Kothrud,Safe and quiet,3
1083,Pimple Saudagar,Good residential area,4
1084,Viman Nagar,Great place with lots of amenities,4
1085,Hinjewadi,Peaceful and green,3
1086,Bavdhan,Developing area,2
1087,Magarpatta,Peaceful and green,4
1088,Baner,Safe and quiet,3
1089,Aundh,Family-friendly,5
1090,Pimple Saudagar,Tech hub with good facilities,3
1091,Hadapsar,Developing area,1
1092,Bavdhan,Developing area,4
1093,Aundh,Family-friendly,5
1094,Swargate,Good residential area,3
1095,Hadapsar,Well-connected,3
1096,Wakad,Developing area,2
1097,Yerawada,Family-friendly,5
1098,Magarpatta,Family-friendly,4
1099,Hadapsar,Family-friendly,1
1100,Magarpatta,Tech hub with good facilities,1
1101,Camp,Busy and bustling,1
1102,Kharadi,Family-friendly,2
1103,Magarpatta,Peaceful and green,3
1104,Baner,Great place with lots of amenities,3
1105,Yerawada,Good residential area,2
1106,Magarpatta,Family-friendly,3
1107,Bibwewadi,Well-connected,4
1108,Camp,Good residential area,5
1109,Wakad,Vibrant and lively,5
1110,Shivaji Nagar,Family-friendly,2
1111,Pashan,Vibrant and lively,4
1112,Bibwewadi,Good residential area,2
1113,Yerawada,Family-friendly,2
1114,Swargate,Busy and bustling,4
1115,Magarpatta,Safe and quiet,2
1116,Bibwewadi,Vibrant and lively,2
1117,Kothrud,Vibrant and lively,3
1118,Kothrud,Tech hub with good facilities,3
1119,Deccan Gymkhana,Good residential area,4
1120,Aundh,Developing area,4
1121,Yerawada,Busy and bustling,4
1122,Hinjewadi,Safe and quiet,2
1123,Koregaon Park,Good residential area,2
1124,Hadapsar,Developing area,4
1125,Bavdhan,Family-friendly,4
1126,Baner,Family-friendly,4
1127,Baner,Vibrant and lively,2
1128,Dhankawadi,Vibrant and lively,4
1129,Hinjewadi,Developing area,4
1130,Camp,Great place with lots of amenities,1
1131,Kothrud,Good residential area,5
1132,Bibwewadi,Tech hub with good facilities,1
1133,Camp,Peaceful and green,1
1134,Magarpatta,Peaceful and green,3
1135,Viman Nagar,Great place with lots of amenities,2
1136,Kothrud,Busy and bustling,3
1137,Camp,Tech hub with good facilities,5
1138,Koregaon Park,Peaceful and green,5
1139,Pimple Saudagar,Tech hub with good facilities,1
1140,Hinjewadi,Family-friendly,2
1141,Hinjewadi,Well-connected,1
1142,Baner,Well-connected,5
1143,Shivaji Nagar,Good residential area,2
1144,Camp,Great place with lots of amenities,4
1145,Dhankawadi,Great place with lots of amenities,5
1146,Magarpatta,Family-friendly,5
1147,Pimple Saudagar,Tech hub with good facilities,2
1148,Hinjewadi,Good residential area,5
1149,Baner,Peaceful and green,5
1150,Shivaji Nagar,Good residential area,5
1151,Shivaji Nagar,Great place with lots of amenities,2
1152,Aundh,Good residential area,3
1153,Dhankawadi,Tech hub with good facilities,5
1154,Kothrud,Tech hub with good facilities,1
1155,Yerawada,Well-connected,2
1156,Kothrud,Family-friendly,3
1157,Deccan Gymkhana,Family-friendly,3
1158,Shivaji Nagar,Well-connected,3
1159,Hadapsar,Peaceful and green,3
1160,Hinjewadi,Tech hub with good facilities,1
1161,Pimple Saudagar,Developing area,3
1162,Hadapsar,Tech hub with good facilities,5
1163,Bibwewadi,Family-friendly,3
1164,Magarpatta,Well-connected,2
1165,Bibwewadi,Family-friendly,2
1166,Bavdhan,Well-connected,1
1167,Kharadi,Developing area,1
1168,Shivaji Nagar,Developing area,5
1169,Kothrud,Vibrant and lively,3
1170,Yerawada,Well-connected,5
1171,Hadapsar,Good residential area,2
1172,Hadapsar,Well-connected,1
1173,Bibwewadi,Family-friendly,5
1174,Wakad,Peaceful and green,4
1175,Swargate,Safe and quiet,4
1176,Viman Nagar,Safe and quiet,1
1177,Baner,Busy and bustling,5
1178,Pimple Saudagar,Family-friendly,1
1179,Magarpatta,Developing area,2
1180,Bibwewadi,Developing area,4
1181,Pashan,Family-friendly,2
1182,Kharadi,Safe and quiet,4
1183,Kharadi,Well-connected,4
1184,Swargate,Vibrant and lively,3
1185,Hinjewadi,Vibrant and lively,3
1186,Shivaji Nagar,Great place with lots of amenities,1
1187,Kharadi,Well-connected,5
1188,Magarpatta,Busy and bustling,5
1189,Pimple Saudagar,Tech hub with good facilities,1
1190,Hinjewadi,Well-connected,3
1191,Swargate,Tech hub with good facilities,1
1192,Kothrud,Good residential area,3
1193,Deccan Gymkhana,Tech hub with good facilities,5
1194,Deccan Gymkhana,Great place with lots of amenities,3
1195,Swargate,Great place with lots of amenities,5
1196,Wakad,Peaceful and green,4
1197,Camp,Safe and quiet,4
1198,Dhankawadi,Vibrant and lively,1
1199,Pashan,Great place with lots of amenities,2
1200,Bibwewadi,Tech hub with good facilities,2
1201,Viman Nagar,Family-friendly,5
1202,Pashan,Busy and bustling,5
1203,Deccan Gymkhana,Family-friendly,1
1204,Kharadi,Good residential area,2
1205,Shivaji Nagar,Busy and bustling,2
1206,Hadapsar,Great place with lots of amenities,2
1207,Pimple Saudagar,Great place with lots of amenities,1
1208,Kharadi,Well-connected,2
1209,Deccan Gymkhana,Well-connected,5
1210,Bavdhan,Developing area,4
1211,Bavdhan,Good residential area,2
1212,Koregaon Park,Safe and quiet,1
1213,Pashan,Vibrant and lively,5
1214,Wakad,Well-connected,2
1215,Pashan,Great place with lots of amenities,5
1216,Yerawada,Safe and quiet,2
1217,Wakad,Peaceful and green,3
1218,Shivaji Nagar,Good residential area,2
1219,Yerawada,Vibrant and lively,3
1220,Baner,Developing area,4
1221,Dhankawadi,Tech hub with good facilities,2
1222,Koregaon Park,Safe and quiet,5
1223,Pashan,Well-connected,4
1224,Pimple Saudagar,Well-connected,1
1225,Pashan,Developing area,2
1226,Baner,Great place with lots of amenities,1
1227,Kharadi,Great place with lots of amenities,5
1228,Bibwewadi,Vibrant and lively,5
1229,Yerawada,Peaceful and green,1
1230,Magarpatta,Family-friendly,2
1231,Hinjewadi,Family-friendly,5
1232,Kharadi,Vibrant and lively,1
1233,Camp,Good residential area,5
1234,Kharadi,Tech hub with good facilities,2
1235,Camp,Good residential area,3
1236,Dhankawadi,Well-connected,1
1237,Kharadi,Good residential area,5
1238,Pimple Saudagar,Safe and quiet,1
1239,Dhankawadi,Family-friendly,5
1240,Kharadi,Good residential area,5
1241,Viman Nagar,Good residential area,4
1242,Baner,Safe and quiet,5
1243,Dhankawadi,Safe and quiet,4
1244,Shivaji Nagar,Family-friendly,5
1245,Viman Nagar,Busy and bustling,2
1246,Wakad,Great place with lots of amenities,3
1247,Kothrud,Busy and bustling,1
1248,Pimple Saudagar,Safe and quiet,3
1249,Aundh,Family-friendly,1
1250,Pimple Saudagar,Busy and bustling,4
1251,Yerawada,Well-connected,1
1252,Bibwewadi,Peaceful and green,5
1253,Baner,Great place with lots of amenities,3
1254,Kothrud,Great place with lots of amenities,2
1255,Hadapsar,Vibrant and lively,2
1256,Wakad,Good residential area,1
1257,Kharadi,Great place with lots of amenities,3
1258,Yerawada,Vibrant and lively,2
1259,Deccan Gymkhana,Peaceful and green,4
1260,Magarpatta,Developing area,4
1261,Kothrud,Busy and bustling,5
1262,Deccan Gymkhana,Tech hub with good facilities,4
1263,Camp,Safe and quiet,2
1264,Hinjewadi,Peaceful and green,3
1265,Hadapsar,Well-connected,1
1266,Baner,Safe and quiet,5
1267,Shivaji Nagar,Busy and bustling,1
1268,Camp,Well-connected,1
1269,Pimple Saudagar,Developing area,1
1270,Deccan Gymkhana,Well-connected,4
1271,Pimple Saudagar,Tech hub with good facilities,3
1272,Swargate,Well-connected,5
1273,Hinjewadi,Safe and quiet,5
1274,Kharadi,Vibrant and lively,5
1275,Shivaji Nagar,Tech hub with good facilities,1
1276,Hinjewadi,Tech hub with good facilities,2
1277,Hinjewadi,Busy and bustling,4
1278,Swargate,Tech hub with good facilities,3
1279,Bibwewadi,Family-friendly,3
1280,Yerawada,Safe and quiet,2
1281,Hinjewadi,Family-friendly,4
1282,Viman Nagar,Peaceful and green,3
1283,Bavdhan,Vibrant and lively,3
1284,Viman Nagar,Vibrant and lively,1
1285,Deccan Gymkhana,Family-friendly,2
1286,Deccan Gymkhana,Developing area,4
1287,Hinjewadi,Well-connected,4
1288,Kothrud,Tech hub with good facilities,3
1289,Swargate,Safe and quiet,3
1290,Deccan Gymkhana,Family-friendly,5
1291,Baner,Tech hub with good facilities,3
1292,Viman Nagar,Vibrant and lively,1
1293,Bibwewadi,Family-friendly,1
1294,Magarpatta,Busy and bustling,2
1295,Hinjewadi,Safe and quiet,1
1296,Dhankawadi,Well-connected,3
1297,Pimple Saudagar,Busy and bustling,5
1298,Bibwewadi,Peaceful and green,3
1299,Yerawada,Good residential area,1
1300,Bibwewadi,Vibrant and lively,1
1301,Koregaon Park,Good residential area,2
1302,Yerawada,Good residential area,2
1303,Hinjewadi,Well-connected,1
1304,Deccan Gymkhana,Well-connected,5
1305,Aundh,Busy and bustling,4
1306,Koregaon Park,Family-friendly,1
1307,Bavdhan,Great place with lots of amenities,3
1308,Hinjewadi,Good residential area,5
1309,Wakad,Great place with lots of amenities,1
1310,Wakad,Tech hub with good facilities,5
1311,Camp,Tech hub with good facilities,3
1312,Kharadi,Developing area,1
1313,Baner,Well-connected,4
1314,Hinjewadi,Developing area,1
1315,Hinjewadi,Great place with lots of amenities,3
1316,Wakad,Family-friendly,2
1317,Baner,Tech hub with good facilities,4
1318,Hinjewadi,Good residential area,1
1319,Bibwewadi,Peaceful and green,1
1320,Hadapsar,Family-friendly,4
1321,Magarpatta,Great place with lots of amenities,5
1322,Bavdhan,Tech hub with good facilities,1
1323,Pimple Saudagar,Family-friendly,3
1324,Deccan Gymkhana,Tech hub with good facilities,3
1325,Deccan Gymkhana,Developing area,4
1326,Magarpatta,Great place with lots of amenities,2
1327,Koregaon Park,Vibrant and lively,1
1328,Hinjewadi,Great place with lots of amenities,4
1329,Baner,Vibrant and lively,3
1330,Hadapsar,Well-connected,4
1331,Kothrud,Family-friendly,3
1332,Aundh,Developing area,4
1333,Pashan,Safe and quiet,5
1334,Hinjewadi,Family-friendly,2
1335,Magarpatta,Family-friendly,4
1336,Bibwewadi,Good residential area,4
1337,Shivaji Nagar,Developing area,3
1338,Bibwewadi,Great place with lots of amenities,4
1339,Camp,Family-friendly,4
1340,Aundh,Family-friendly,3
1341,Deccan Gymkhana,Busy and bustling,4
1342,Yerawada,Great place with lots of amenities,4
1343,Pashan,Family-friendly,5
1344,Bibwewadi,Peaceful and green,3
1345,Hinjewadi,Well-connected,2
1346,Baner,Peaceful and green,2
1347,Pimple Saudagar,Safe and quiet,5
1348,Hinjewadi,Good residential area,1
1349,Hinjewadi,Vibrant and lively,3
1350,Koregaon Park,Peaceful and green,2
1351,Kothrud,Good residential area,1
1352,Dhankawadi,Tech hub with good facilities,4
1353,Wakad,Safe and quiet,1
1354,Bavdhan,Developing area,1
1355,Shivaji Nagar,Developing area,1
1356,Hinjewadi,Peaceful and green,3
1357,Bavdhan,Great place with lots of amenities,5
1358,Pashan,Great place with lots of amenities,4
1359,Kothrud,Vibrant and lively,3
1360,Dhankawadi,Vibrant and lively,3
1361,Hadapsar,Well-connected,3
1362,Hadapsar,Good residential area,2
1363,Kharadi,Well-connected,2
1364,Baner,Family-friendly,1
1365,Hadapsar,Safe and quiet,5
1366,Yerawada,Great place with lots of amenities,2
1367,Dhankawadi,Peaceful and green,2
1368,Koregaon Park,Safe and quiet,4
1369,Viman Nagar,Developing area,2
1370,Baner,Vibrant and lively,2
1371,Kharadi,Peaceful and green,1
1372,Pashan,Good residential area,5
1373,Kharadi,Great place with lots of amenities,1
1374,Pimple Saudagar,Developing area,4
1375,Viman Nagar,Good residential area,4
1376,Hadapsar,Good residential area,3
1377,Pimple Saudagar,Developing area,3
1378,Hinjewadi,Good residential area,1
1379,Pimple Saudagar,Peaceful and green,2
1380,Shivaji Nagar,Family-friendly,1
1381,Hadapsar,Busy and bustling,1
1382,Hadapsar,Busy and bustling,1
1383,Kothrud,Developing area,1
1384,Koregaon Park,Safe and quiet,4
1385,Kharadi,Safe and quiet,2
1386,Bibwewadi,Busy and bustling,2
1387,Viman Nagar,Family-friendly,5
1388,Aundh,Great place with lots of amenities,4
1389,Pimple Saudagar,Safe and quiet,1
1390,Hinjewadi,Developing area,2
1391,Magarpatta,Safe and quiet,5
1392,Kharadi,Vibrant and lively,2
1393,Kothrud,Well-connected,3
1394,Hinjewadi,Developing area,1
1395,Magarpatta,Developing area,3
1396,Bavdhan,Busy and bustling,1
1397,Camp,Good residential area,2
1398,Magarpatta,Vibrant and lively,1
1399,Camp,Busy and bustling,1
1400,Hinjewadi,Well-connected,3
1401,Dhankawadi,Busy and bustling,2
1402,Hinjewadi,Vibrant and lively,2
1403,Dhankawadi,Family-friendly,5
1404,Pashan,Tech hub with good facilities,3
1405,Bavdhan,Vibrant and lively,3
1406,Aundh,Busy and bustling,2
1407,Koregaon Park,Safe and quiet,1
1408,Wakad,Peaceful and green,1
1409,Kothrud,Great place with lots of amenities,1
1410,Yerawada,Well-connected,4
1411,Wakad,Tech hub with good facilities,4
1412,Swargate,Developing area,5
1413,Viman Nagar,Peaceful and green,5
1414,Kharadi,Busy and bustling,2
1415,Pimple Saudagar,Well-connected,3
1416,Camp,Vibrant and lively,4
1417,Aundh,Developing area,1
1418,Kothrud,Great place with lots of amenities,4
1419,Hadapsar,Developing area,2
1420,Camp,Developing area,3
1421,Pimple Saudagar,Developing area,3
1422,Baner,Developing area,1
1423,Dhankawadi,Well-connected,1
1424,Magarpatta,Great place with lots of amenities,4
1425,Camp,Safe and quiet,3
1426,Bavdhan,Safe and quiet,2
1427,Deccan Gymkhana,Busy and bustling,4
1428,Swargate,Vibrant and lively,5
1429,Hadapsar,Tech hub with good facilities,4
1430,Bavdhan,Vibrant and lively,1
1431,Shivaji Nagar,Developing area,5
1432,Pashan,Developing area,3
1433,Koregaon Park,Developing area,5
1434,Yerawada,Family-friendly,2
1435,Dhankawadi,Peaceful and green,1
1436,Dhankawadi,Peaceful and green,2
1437,Hadapsar,Good residential area,3
1438,Deccan Gymkhana,Vibrant and lively,5
1439,Koregaon Park,Busy and bustling,4
1440,Pimple Saudagar,Well-connected,5
1441,Aundh,Tech hub with good facilities,4
1442,Baner,Vibrant and lively,1
1443,Swargate,Good residential area,2
1444,Viman Nagar,Well-connected,2
1445,Yerawada,Developing area,1
1446,Bavdhan,Family-friendly,3
1447,Deccan Gymkhana,Vibrant and lively,2
1448,Baner,Developing area,2
1449,Koregaon Park,Busy and bustling,3
1450,Dhankawadi,Good residential area,4
1451,Hinjewadi,Tech hub with good facilities,4
1452,Pashan,Tech hub with good facilities,1
1453,Kothrud,Developing area,4
1454,Pashan,Well-connected,5
1455,Wakad,Family-friendly,1
1456,Hinjewadi,Great place with lots of amenities,2
1457,Dhankawadi,Busy and bustling,2
1458,Koregaon Park,Safe and quiet,4
1459,Camp,Developing area,4
1460,Shivaji Nagar,Vibrant and lively,2
1461,Bavdhan,Busy and bustling,3
1462,Wakad,Tech hub with good facilities,3
1463,Hadapsar,Developing area,1
1464,Shivaji Nagar,Developing area,4
1465,Shivaji Nagar,Busy and bustling,1
1466,Kharadi,Good residential area,2
1467,Dhankawadi,Safe and quiet,2
1468,Viman Nagar,Great place with lots of amenities,1
1469,Baner,Family-friendly,3
1470,Baner,Vibrant and lively,5
1471,Deccan Gymkhana,Peaceful and green,5
1472,Hadapsar,Vibrant and lively,5
1473,Bavdhan,Safe and quiet,1
1474,Bibwewadi,Safe and quiet,3
1475,Pimple Saudagar,Well-connected,1
1476,Hinjewadi,Great place with lots of amenities,4
1477,Baner,Tech hub with good facilities,4
1478,Koregaon Park,Tech hub with good facilities,3
1479,Shivaji Nagar,Family-friendly,4
1480,Hadapsar,Vibrant and lively,5
1481,Deccan Gymkhana,Tech hub with good facilities,2
1482,Bavdhan,Developing area,1
1483,Bavdhan,Developing area,2
1484,Yerawada,Good residential area,1
1485,Swargate,Busy and bustling,1
1486,Deccan Gymkhana,Great place with lots of amenities,5
1487,Shivaji Nagar,Well-connected,3
1488,Aundh,Safe and quiet,4
1489,Camp,Well-connected,5
1490,Swargate,Good residential area,1
1491,Hadapsar,Busy and bustling,3
1492,Pimple Saudagar,Vibrant and lively,3
1493,Pimple Saudagar,Tech hub with good facilities,2
1494,Baner,Well-connected,1
1495,Viman Nagar,Tech hub with good facilities,4
1496,Viman Nagar,Developing area,4
1497,Bavdhan,Busy and bustling,5
1498,Kothrud,Good residential area,4
1499,Dhankawadi,Developing area,1
1500,Yerawada,Busy and bustling,3
1501,Deccan Gymkhana,Family-friendly,4
1502,Koregaon Park,Peaceful and green,4
1503,Viman Nagar,Tech hub with good facilities,5
1504,Deccan Gymkhana,Safe and quiet,1
1505,Pashan,Family-friendly,5
1506,Hinjewadi,Safe and quiet,1
1507,Magarpatta,Safe and quiet,1
1508,Shivaji Nagar,Vibrant and lively,1
1509,Baner,Safe and quiet,3
1510,Swargate,Busy and bustling,3
1511,Dhankawadi,Good residential area,2
1512,Dhankawadi,Developing area,1
1513,Magarpatta,Great place with lots of amenities,4
1514,Hadapsar,Family-friendly,1
1515,Viman Nagar,Developing area,5
1516,Wakad,Busy and bustling,3
1517,Viman Nagar,Developing area,5
1518,Bibwewadi,Tech hub with good facilities,1
1519,Deccan Gymkhana,Busy and bustling,5
1520,Viman Nagar,Busy and bustling,1
1521,Baner,Peaceful and green,3
1522,Kharadi,Tech hub with good facilities,4
1523,Deccan Gymkhana,Busy and bustling,3
1524,Hadapsar,Great place with lots of amenities,1
1525,Bibwewadi,Busy and bustling,3
1526,Baner,Vibrant and lively,1
1527,Viman Nagar,Tech hub with good facilities,3
1528,Bavdhan,Family-friendly,3
1529,Hinjewadi,Peaceful and green,5
1530,Hinjewadi,Great place with lots of amenities,5
1531,Shivaji Nagar,Developing area,1
1532,Pimple Saudagar,Good residential area,2
1533,Pashan,Family-friendly,4
1534,Yerawada,Well-connected,2
1535,Swargate,Peaceful and green,2
1536,Hadapsar,Great place with lots of amenities,1
1537,Koregaon Park,Developing area,1
1538,Yerawada,Vibrant and lively,3
1539,Kothrud,Good residential area,3
1540,Yerawada,Great place with lots of amenities,5
1541,Bibwewadi,Peaceful and green,5
1542,Pashan,Busy and bustling,3
1543,Shivaji Nagar,Good residential area,3
1544,Kharadi,Good residential area,2
1545,Hinjewadi,Good residential area,4
1546,Wakad,Peaceful and green,2
1547,Wakad,Safe and quiet,4
1548,Dhankawadi,Good residential area,3
1549,Swargate,Peaceful and green,1
1550,Wakad,Good residential area,4
1551,Yerawada,Good residential area,3
1552,Bavdhan,Tech hub with good facilities,4
1553,Viman Nagar,Good residential area,3
1554,Bibwewadi,Good residential area,1
1555,Dhankawadi,Family-friendly,1
1556,Hadapsar,Great place with lots of amenities,3
1557,Pashan,Busy and bustling,1
1558,Koregaon Park,Vibrant and lively,2
1559,Shivaji Nagar,Vibrant and lively,5
1560,Bibwewadi,Good residential area,2
1561,Pashan,Peaceful and green,2
1562,Bibwewadi,Well-connected,1
1563,Magarpatta,Busy and bustling,5
1564,Kothrud,Vibrant and lively,4
1565,Kothrud,Great place with lots of amenities,1
1566,Hinjewadi,Great place with lots of amenities,5
1567,Shivaji Nagar,Good residential area,2
1568,Bibwewadi,Vibrant and lively,2
1569,Kharadi,Great place with lots of amenities,5
1570,Aundh,Family-friendly,4
1571,Koregaon Park,Family-friendly,5
1572,Bavdhan,Good residential area,5
1573,Baner,Family-friendly,3
1574,Bavdhan,Good residential area,4
1575,Yerawada,Well-connected,2
1576,Pashan,Developing area,1
1577,Kharadi,Developing area,4
1578,Magarpatta,Vibrant and lively,1
1579,Baner,Vibrant and lively,1
1580,Aundh,Vibrant and lively,4
1581,Pashan,Well-connected,4
1582,Pashan,Vibrant and lively,3
1583,Pashan,Developing area,1
1584,Viman Nagar,Tech hub with good facilities,5
1585,Aundh,Busy and bustling,1
1586,Magarpatta,Good residential area,3
1587,Deccan Gymkhana,Family-friendly,4
1588,Magarpatta,Tech hub with good facilities,3
1589,Yerawada,Tech hub with good facilities,2
1590,Pashan,Safe and quiet,1
1591,Kharadi,Well-connected,4
1592,Wakad,Family-friendly,1
1593,Viman Nagar,Great place with lots of amenities,5
1594,Kothrud,Vibrant and lively,2
1595,Camp,Safe and quiet,5
1596,Shivaji Nagar,Busy and bustling,3
1597,Deccan Gymkhana,Well-connected,1
1598,Hinjewadi,Vibrant and lively,3
1599,Hinjewadi,Peaceful and green,3
1600,Shivaji Nagar,Safe and quiet,1
1601,Baner,Tech hub with good facilities,5
1602,Koregaon Park,Vibrant and lively,3
1603,Hinjewadi,Family-friendly,5
1604,Viman Nagar,Safe and quiet,3
1605,Magarpatta,Safe and quiet,3
1606,Wakad,Well-connected,4
1607,Pashan,Great place with lots of amenities,4
1608,Kharadi,Well-connected,5
1609,Baner,Busy and bustling,1
1610,Viman Nagar,Well-connected,1
1611,Wakad,Developing area,1
1612,Magarpatta,Tech hub with good facilities,3
1613,Kharadi,Vibrant and lively,2
1614,Koregaon Park,Well-connected,2
1615,Shivaji Nagar,Tech hub with good facilities,2
1616,Viman Nagar,Developing area,4
1617,Camp,Well-connected,5
1618,Viman Nagar,Family-friendly,2
1619,Yerawada,Peaceful and green,4
1620,Koregaon Park,Great place with lots of amenities,1
1621,Baner,Developing area,2
1622,Pashan,Vibrant and lively,4
1623,Swargate,Peaceful and green,1
1624,Magarpatta,Good residential area,3
1625,Magarpatta,Developing area,1
1626,Aundh,Family-friendly,4
1627,Pimple Saudagar,Good residential area,5
1628,Bavdhan,Great place with lots of amenities,2
1629,Pashan,Well-connected,5
1630,Dhankawadi,Well-connected,2
1631,Magarpatta,Family-friendly,3
1632,Yerawada,Developing area,5
1633,Shivaji Nagar,Well-connected,2
1634,Baner,Tech hub with good facilities,4
1635,Hadapsar,Tech hub with good facilities,4
1636,Pimple Saudagar,Tech hub with good facilities,4
1637,Bavdhan,Busy and bustling,2
1638,Camp,Safe and quiet,3
1639,Hinjewadi,Great place with lots of amenities,2
1640,Kharadi,Peaceful and green,1
1641,Swargate,Good residential area,3
1642,Baner,Great place with lots of amenities,5
1643,Magarpatta,Safe and quiet,1
1644,Shivaji Nagar,Good residential area,1
1645,Magarpatta,Safe and quiet,3
1646,Pimple Saudagar,Great place with lots of amenities,2
1647,Pimple Saudagar,Family-friendly,3
1648,Aundh,Busy and bustling,4
1649,Aundh,Busy and bustling,2
1650,Baner,Developing area,3
1651,Hinjewadi,Safe and quiet,1
1652,Swargate,Tech hub with good facilities,5
1653,Camp,Good residential area,5
1654,Shivaji Nagar,Well-connected,2
1655,Camp,Busy and bustling,4
1656,Baner,Tech hub with good facilities,5
1657,Kharadi,Great place with lots of amenities,5
1658,Yerawada,Tech hub with good facilities,3
1659,Viman Nagar,Good residential area,4
1660,Aundh,Vibrant and lively,2
1661,Pimple Saudagar,Vibrant and lively,5
1662,Camp,Busy and bustling,5
1663,Magarpatta,Busy and bustling,2
1664,Swargate,Busy and bustling,4
1665,Pashan,Busy and bustling,2
1666,Koregaon Park,Safe and quiet,3
1667,Wakad,Busy and bustling,5
1668,Wakad,Safe and quiet,4
1669,Camp,Busy and bustling,2
1670,Baner,Peaceful and green,5
1671,Hinjewadi,Developing area,1
1672,Baner,Developing area,5
1673,Kothrud,Great place with lots of amenities,4
1674,Kothrud,Family-friendly,5
1675,Shivaji Nagar,Peaceful and green,5
1676,Kothrud,Good residential area,1
1677,Wakad,Safe and quiet,4
1678,Hadapsar,Tech hub with good facilities,1
1679,Koregaon Park,Peaceful and green,1
1680,Deccan Gymkhana,Safe and quiet,4
1681,Dhankawadi,Tech hub with good facilities,5
1682,Koregaon Park,Family-friendly,1
1683,Deccan Gymkhana,Developing area,4
1684,Viman Nagar,Vibrant and lively,2
1685,Camp,Vibrant and lively,3
1686,Kothrud,Family-friendly,2
1687,Swargate,Developing area,3
1688,Kharadi,Tech hub with good facilities,3
1689,Wakad,Family-friendly,2
1690,Magarpatta,Busy and bustling,2
1691,Pashan,Developing area,4
1692,Hadapsar,Peaceful and green,2
1693,Yerawada,Safe and quiet,4
1694,Aundh,Vibrant and lively,5
1695,Magarpatta,Great place with lots of amenities,2
1696,Koregaon Park,Tech hub with good facilities,1
1697,Bibwewadi,Developing area,4
1698,Deccan Gymkhana,Peaceful and green,5
1699,Viman Nagar,Developing area,3
1700,Bavdhan,Safe and quiet,5
1701,Wakad,Tech hub with good facilities,5
1702,Baner,Safe and quiet,2
1703,Swargate,Busy and bustling,1
1704,Hinjewadi,Family-friendly,2
1705,Aundh,Well-connected,2
1706,Pashan,Developing area,4
1707,Swargate,Great place with lots of amenities,5
1708,Baner,Vibrant and lively,3
1709,Viman Nagar,Tech hub with good facilities,5
1710,Aundh,Busy and bustling,1
1711,Pashan,Good residential area,5
1712,Dhankawadi,Peaceful and green,2
1713,Deccan Gymkhana,Well-connected,1
1714,Pimple Saudagar,Busy and bustling,1
1715,Hadapsar,Peaceful and green,1
1716,Koregaon Park,Good residential area,1
1717,Bavdhan,Safe and quiet,1
1718,Bibwewadi,Well-connected,4
1719,Hadapsar,Developing area,5
1720,Baner,Tech hub with good facilities,3
1721,Deccan Gymkhana,Great place with lots of amenities,3
1722,Camp,Developing area,5
1723,Bavdhan,Peaceful and green,5
1724,Swargate,Vibrant and lively,5
1725,Koregaon Park,Developing area,2
1726,Viman Nagar,Peaceful and green,3
1727,Dhankawadi,Peaceful and green,4
1728,Hadapsar,Good residential area,5
1729,Shivaji Nagar,Tech hub with good facilities,1
1730,Dhankawadi,Great place with lots of amenities,1
1731,Swargate,Tech hub with good facilities,5
1732,Aundh,Well-connected,4
1733,Deccan Gymkhana,Well-connected,5
1734,Swargate,Tech hub with good facilities,2
1735,Camp,Great place with lots of amenities,1
1736,Pimple Saudagar,Busy and bustling,2
1737,Aundh,Developing area,2
1738,Hinjewadi,Peaceful and green,1
1739,Aundh,Good residential area,1
1740,Deccan Gymkhana,Busy and bustling,2
1741,Wakad,Well-connected,2
1742,Shivaji Nagar,Developing area,4
1743,Yerawada,Peaceful and green,4
1744,Bavdhan,Developing area,4
1745,Pimple Saudagar,Good residential area,4
1746,Pimple Saudagar,Tech hub with good facilities,3
1747,Kharadi,Tech hub with good facilities,3
1748,Pashan,Busy and bustling,5
1749,Bibwewadi,Developing area,1
1750,Bavdhan,Family-friendly,5
1751,Bibwewadi,Good residential area,2
1752,Kothrud,Family-friendly,4
1753,Koregaon Park,Safe and quiet,1
1754,Yerawada,Tech hub with good facilities,4
1755,Koregaon Park,Family-friendly,1
1756,Pashan,Great place with lots of amenities,1
1757,Hinjewadi,Tech hub with good facilities,1
1758,Kothrud,Well-connected,2
1759,Dhankawadi,Peaceful and green,5
1760,Baner,Great place with lots of amenities,2
1761,Camp,Peaceful and green,4
1762,Magarpatta,Peaceful and green,5
1763,Bibwewadi,Peaceful and green,3
1764,Magarpatta,Peaceful and green,3
1765,Bibwewadi,Great place with lots of amenities,5
1766,Magarpatta,Safe and quiet,1
1767,Shivaji Nagar,Developing area,1
1768,Yerawada,Family-friendly,2
1769,Pimple Saudagar,Peaceful and green,5
1770,Shivaji Nagar,Developing area,4
1771,Baner,Safe and quiet,3
1772,Pimple Saudagar,Well-connected,4
1773,Aundh,Well-connected,2
1774,Aundh,Family-friendly,5
1775,Hinjewadi,Peaceful and green,5
1776,Viman Nagar,Peaceful and green,2
1777,Yerawada,Busy and bustling,2
1778,Swargate,Safe and quiet,3
1779,Wakad,Peaceful and green,5
1780,Camp,Vibrant and lively,1
1781,Pashan,Family-friendly,4
1782,Bibwewadi,Well-connected,1
1783,Koregaon Park,Safe and quiet,3
1784,Kothrud,Peaceful and green,4
1785,Aundh,Great place with lots of amenities,1
1786,Wakad,Good residential area,4
1787,Shivaji Nagar,Great place with lots of amenities,5
1788,Hadapsar,Great place with lots of amenities,3
1789,Camp,Developing area,3
1790,Hadapsar,Tech hub with good facilities,1
1791,Magarpatta,Tech hub with good facilities,3
1792,Baner,Tech hub with good facilities,4
1793,Wakad,Great place with lots of amenities,1
1794,Aundh,Safe and quiet,5
1795,Koregaon Park,Good residential area,3
1796,Viman Nagar,Busy and bustling,5
1797,Swargate,Good residential area,1
1798,Hinjewadi,Peaceful and green,3
1799,Kharadi,Vibrant and lively,1
1800,Shivaji Nagar,Vibrant and lively,3
1801,Bavdhan,Good residential area,4
1802,Camp,Good residential area,5
1803,Camp,Developing area,3
1804,Wakad,Tech hub with good facilities,2
1805,Magarpatta,Peaceful and green,1
1806,Kothrud,Great place with lots of amenities,3
1807,Shivaji Nagar,Safe and quiet,3
1808,Shivaji Nagar,Busy and bustling,3
1809,Bavdhan,Tech hub with good facilities,5
1810,Aundh,Great place with lots of amenities,4
1811,Swargate,Family-friendly,5
1812,Viman Nagar,Safe and quiet,3
1813,Kharadi,Family-friendly,3
1814,Kothrud,Tech hub with good facilities,2
1815,Viman Nagar,Busy and bustling,1
1816,Pashan,Well-connected,3
1817,Bavdhan,Peaceful and green,2
1818,Hinjewadi,Well-connected,2
1819,Bavdhan,Developing area,1
1820,Bavdhan,Peaceful and green,3
1821,Dhankawadi,Well-connected,1
1822,Shivaji Nagar,Vibrant and lively,5
1823,Bibwewadi,Vibrant and lively,3
1824,Shivaji Nagar,Family-friendly,3
1825,Camp,Busy and bustling,4
1826,Yerawada,Family-friendly,5
1827,Wakad,Safe and quiet,1
1828,Deccan Gymkhana,Great place with lots of amenities,1
1829,Hinjewadi,Great place with lots of amenities,1
1830,Bavdhan,Great place with lots of amenities,5
1831,Shivaji Nagar,Tech hub with good facilities,1
1832,Hadapsar,Great place with lots of amenities,2
1833,Bibwewadi,Busy and bustling,3
1834,Wakad,Great place with lots of amenities,4
1835,Viman Nagar,Good residential area,3
1836,Camp,Good residential area,1
1837,Viman Nagar,Tech hub with good facilities,1
1838,Dhankawadi,Developing area,4
1839,Kothrud,Developing area,4
1840,Koregaon Park,Family-friendly,1
1841,Bibwewadi,Peaceful and green,5
1842,Camp,Family-friendly,4
1843,Shivaji Nagar,Well-connected,1
1844,Kothrud,Tech hub with good facilities,3
1845,Kothrud,Great place with lots of amenities,1
1846,Dhankawadi,Well-connected,4
1847,Bibwewadi,Family-friendly,1
1848,Shivaji Nagar,Good residential area,1
1849,Kothrud,Developing area,5
1850,Kharadi,Safe and quiet,5
1851,Yerawada,Developing area,4
1852,Yerawada,Peaceful and green,5
1853,Viman Nagar,Busy and bustling,5
1854,Dhankawadi,Vibrant and lively,2
1855,Viman Nagar,Well-connected,5
1856,Kharadi,Busy and bustling,5
1857,Viman Nagar,Good residential area,2
1858,Aundh,Safe and quiet,2
1859,Wakad,Vibrant and lively,3
1860,Kothrud,Well-connected,2
1861,Koregaon Park,Tech hub with good facilities,3
1862,Bavdhan,Good residential area,2
1863,Koregaon Park,Good residential area,3
1864,Pimple Saudagar,Family-friendly,2
1865,Kothrud,Well-connected,1
1866,Pashan,Developing area,4
1867,Deccan Gymkhana,Good residential area,5
1868,Yerawada,Tech hub with good facilities,3
1869,Viman Nagar,Great place with lots of amenities,3
1870,Deccan Gymkhana,Developing area,3
1871,Bavdhan,Busy and bustling,5
1872,Baner,Developing area,5
1873,Viman Nagar,Safe and quiet,5
1874,Kharadi,Peaceful and green,2
1875,Pashan,Tech hub with good facilities,1
1876,Magarpatta,Busy and bustling,1
1877,Swargate,Vibrant and lively,4
1878,Bibwewadi,Safe and quiet,1
1879,Hinjewadi,Well-connected,5
1880,Camp,Family-friendly,5
1881,Hinjewadi,Developing area,5
1882,Shivaji Nagar,Vibrant and lively,3
1883,Deccan Gymkhana,Great place with lots of amenities,1
1884,Pimple Saudagar,Tech hub with good facilities,4
1885,Kothrud,Vibrant and lively,3
1886,Camp,Busy and bustling,2
1887,Bavdhan,Peaceful and green,5
1888,Pashan,Safe and quiet,4
1889,Viman Nagar,Developing area,2
1890,Bavdhan,Well-connected,1
1891,Hadapsar,Developing area,4
1892,Bavdhan,Good residential area,4
1893,Yerawada,Good residential area,3
1894,Kothrud,Good residential area,1
1895,Magarpatta,Good residential area,2
1896,Shivaji Nagar,Well-connected,4
1897,Kothrud,Busy and bustling,3
1898,Dhankawadi,Tech hub with good facilities,1
1899,Hinjewadi,Safe and quiet,5
1900,Bibwewadi,Peaceful and green,4
1901,Kharadi,Well-connected,4
1902,Koregaon Park,Good residential area,1
1903,Swargate,Great place with lots of amenities,1
1904,Hadapsar,Family-friendly,1
1905,Bavdhan,Tech hub with good facilities,1
1906,Baner,Great place with lots of amenities,2
1907,Swargate,Family-friendly,4
1908,Aundh,Peaceful and green,1
1909,Koregaon Park,Good residential area,5
1910,Kothrud,Safe and quiet,5
1911,Deccan Gymkhana,Family-friendly,3
1912,Kharadi,Tech hub with good facilities,3
1913,Koregaon Park,Well-connected,5
1914,Kharadi,Well-connected,3
1915,Yerawada,Vibrant and lively,5
1916,Wakad,Developing area,4
1917,Kharadi,Safe and quiet,5
1918,Wakad,Well-connected,5
1919,Hinjewadi,Tech hub with good facilities,3
1920,Pimple Saudagar,Good residential area,5
1921,Kharadi,Tech hub with good facilities,5
1922,Yerawada,Busy and bustling,5
1923,Shivaji Nagar,Peaceful and green,3
1924,Camp,Busy and bustling,2
1925,Pimple Saudagar,Vibrant and lively,2
1926,Magarpatta,Safe and quiet,2
1927,Hadapsar,Safe and quiet,1
1928,Kothrud,Family-friendly,3
1929,Hadapsar,Busy and bustling,5
1930,Swargate,Busy and bustling,4
1931,Shivaji Nagar,Vibrant and lively,2
1932,Shivaji Nagar,Peaceful and green,4
1933,Yerawada,Safe and quiet,2
1934,Bibwewadi,Developing area,2
1935,Koregaon Park,Great place with lots of amenities,3
1936,Aundh,Family-friendly,4
1937,Wakad,Great place with lots of amenities,1
1938,Hadapsar,Well-connected,1
1939,Deccan Gymkhana,Good residential area,2
1940,Shivaji Nagar,Safe and quiet,2
1941,Bibwewadi,Good residential area,2
1942,Pimple Saudagar,Family-friendly,1
1943,Kothrud,Tech hub with good facilities,2
1944,Pimple Saudagar,Peaceful and green,2
1945,Swargate,Tech hub with good facilities,5
1946,Wakad,Peaceful and green,1
1947,Camp,Tech hub with good facilities,5
1948,Pashan,Developing area,2
1949,Bavdhan,Tech hub with good facilities,5
1950,Viman Nagar,Busy and bustling,2
1951,Hinjewadi,Family-friendly,4
1952,Koregaon Park,Tech hub with good facilities,4
1953,Hinjewadi,Peaceful and green,5
1954,Pimple Saudagar,Family-friendly,4
1955,Dhankawadi,Vibrant and lively,1
1956,Pimple Saudagar,Busy and bustling,3
1957,Deccan Gymkhana,Well-connected,1
1958,Viman Nagar,Developing area,2
1959,Camp,Tech hub with good facilities,3
1960,Kothrud,Good residential area,3
1961,Aundh,Great place with lots of amenities,3
1962,Bibwewadi,Great place with lots of amenities,5
1963,Dhankawadi,Well-connected,3
1964,Pimple Saudagar,Great place with lots of amenities,3
1965,Viman Nagar,Vibrant and lively,2
1966,Shivaji Nagar,Vibrant and lively,1
1967,Kharadi,Tech hub with good facilities,2
1968,Shivaji Nagar,Peaceful and green,5
1969,Bavdhan,Vibrant and lively,3
1970,Magarpatta,Family-friendly,1
1971,Dhankawadi,Good residential area,1
1972,Shivaji Nagar,Developing area,2
1973,Pashan,Safe and quiet,2
1974,Bavdhan,Family-friendly,4
1975,Pashan,Tech hub with good facilities,5
1976,Hinjewadi,Family-friendly,4
1977,Pimple Saudagar,Great place with lots of amenities,2
1978,Aundh,Vibrant and lively,2
1979,Kothrud,Great place with lots of amenities,3
1980,Shivaji Nagar,Great place with lots of amenities,5
1981,Bibwewadi,Well-connected,2
1982,Aundh,Busy and bustling,5
1983,Kothrud,Great place with lots of amenities,4
1984,Koregaon Park,Great place with lots of amenities,4
1985,Deccan Gymkhana,Tech hub with good facilities,3
1986,Pimple Saudagar,Peaceful and green,5
1987,Aundh,Busy and bustling,2
1988,Pashan,Peaceful and green,1
1989,Wakad,Great place with lots of amenities,2
1990,Kothrud,Good residential area,2
1991,Bavdhan,Good residential area,3
1992,Kothrud,Peaceful and green,1
1993,Aundh,Safe and quiet,3
1994,Hadapsar,Safe and quiet,3
1995,Viman Nagar,Great place with lots of amenities,2
1996,Bavdhan,Developing area,5
1997,Kharadi,Busy and bustling,3
1998,Viman Nagar,Vibrant and lively,5
1999,Yerawada,Busy and bustling,2
2000,Magarpatta,Busy and bustling,3
